"conversation_id_str","created_at","favorite_count","full_text","id_str","image_url","in_reply_to_screen_name","lang","location","quote_count","reply_count","retweet_count","tweet_url","user_id_str","username"
"1784122073625038965","Sat Apr 27 09:00:41 +0000 2024","0","@NurJann53781736 @SenderLabs Jangan gitu bang doanya yg baik2 aja karena aman kembali ke kita","1784145634699997298","","NurJann53781736","in","","0","0","0","https://twitter.com/gibranarshaka20/status/1784145634699997298","1749415557487857664","gibranarshaka20"
"1782850856339312946","Sat Apr 27 09:00:24 +0000 2024","0","@JohnnyS2123 @Gerindra @yusufagro @prabowo @gibran_tweet @BANGSAygSUJUD @Chavesz08 @AditBandit234 @Kenikir27 @AnisHectorium @AlmaghribiS @askencana @Papa_Brewook Masak pak Prabowo belain 1 orang yang berpotensi merugikan bangsa mengabaikan puluhan juta pendukungnya yang cinta bangsa","1784145562692174132","","JohnnyS2123","in","East Java, Indonesia","0","0","0","https://twitter.com/DeDeeL_2/status/1784145562692174132","1539578147758166016","DeDeeL_2"
"1784145535664042452","Sat Apr 27 09:00:18 +0000 2024","1","#MQZawawi IDM terbukti jadi salah satu kebutuhan mutlak dalam proses pembangunan DESA #IDMKemendesaBisa @jokowi @prabowo @gibran_tweet @halimiskandarnu @kemendesapdtt @malik_harammain @imansyukri....","1784145535664042452","","","in","","0","0","0","https://twitter.com/MoammarZawawi/status/1784145535664042452","1422199366035460099","MoammarZawawi"
"1784139348079960285","Sat Apr 27 09:00:13 +0000 2024","0","@PartaiSocmed Kata siapa? Ternyata kata orang2 prabowo gibran wkwkwkwk https://t.co/G8yGTDxgNM","1784145514159911308","https://pbs.twimg.com/media/GMKO4feb0AAErPF.jpg","PartaiSocmed","in","Bengkulu, Indonesia","0","0","0","https://twitter.com/fathan_daulay/status/1784145514159911308","2205017628","fathan_daulay"
"1784145399701504399","Sat Apr 27 08:59:45 +0000 2024","0","Wow megeneralisir pendukung Prabowo-Gibran goblok semua??? ","1784145399701504399","","","in","Jakarta Capital Region","0","0","0","https://twitter.com/Imade_kun/status/1784145399701504399","1248255233433546754","Imade_kun"
"1784145376221794717","Sat Apr 27 08:59:40 +0000 2024","0","Indek Desa Membangun #IDMKemendesaBisa @jokowi @prabowo @gibran_tweet @halimiskandarnu @kemendespdtt @malik_haramain @imansyukri @taufikmadjid71 @yusradaridesa @azzameldzikrie @tppkemendes https://t.co/Ang8TJOFsL","1784145376221794717","https://pbs.twimg.com/media/GMKOwMTakAAzxVE.jpg","","in","Bengkulu","0","0","0","https://twitter.com/danilanen/status/1784145376221794717","775550516","danilanen"
"1784145334949892189","Sat Apr 27 08:59:30 +0000 2024","0","tiap gacha ampas ","1784145334949892189","","","in","Disini","0","0","0","https://twitter.com/Gibsss__/status/1784145334949892189","358152986","Gibsss__"
"1784145323109351613","Sat Apr 27 08:59:27 +0000 2024","0","Dulu gue pengen bgt masuk TNP2K Pas Gibran kepilih gue sangat bersyukur dengan tidak jadi masuk dan tidak jadi daftar wkwkwk Biarkan anak anak UGM saja yg menguasai lembaga itu wkwk","1784145323109351613","","","in","Jakarta","0","0","0","https://twitter.com/shofieazz/status/1784145323109351613","1243064216","shofieazz"
"1784145285624852580","Sat Apr 27 08:59:18 +0000 2024","0","Indek Desa Membangun #IDMKemendesaBisa @jokowi @prabowo @gibran_tweet @halimiskandarnu @kemendespdtt @malik_haramain @imansyukri @taufikmadjid71 @yusradaridesa @azzameldzikrie @tppkemendes https://t.co/ZnopbI3zxO","1784145285624852580","https://pbs.twimg.com/media/GMKOq0ya0AAWsul.jpg","","in","Bengkulu","0","0","0","https://twitter.com/danilanen/status/1784145285624852580","775550516","danilanen"
"1783862384052056412","Sat Apr 27 08:58:53 +0000 2024","0","@afrkml @tanyakanrl Hak anak mendapatkan bukan kewajiban anak. Ribet dan ga ada point Imunisasi keputusan orangtua untuk anaknya anak belum bisa memutuskan maka peran orangtua yg memiliki keputusan logika hukum begitu. Maka tenaga kesehatan membantu sosialisasi dan menjelaskan. Jangan ribet","1784145181836804423","","afrkml","in","","0","0","0","https://twitter.com/GibranAnakHaram/status/1784145181836804423","1417141421513986055","GibranAnakHaram"
"1784077829359206804","Sat Apr 27 08:58:50 +0000 2024","0","@titymargana @tham878 @deddysitorus Orang mau cari benar sendiri jiarno !!sing penting 58 59â„… syah. Prabowo Gibran gak bisa digugat lagi. DEDY SITORUS MEMANG OKE ","1784145167722877248","","titymargana","in","","0","0","0","https://twitter.com/BudiIstiyo89522/status/1784145167722877248","1755504096885506048","BudiIstiyo89522"
"1784145166724719083","Sat Apr 27 08:58:50 +0000 2024","0","Indek Desa Membangun #IDMKemendesaBisa @jokowi @prabowo @gibran_tweet @halimiskandarnu @kemendespdtt @malik_haramain @imansyukri @taufikmadjid71 @yusradaridesa @azzameldzikrie @tppkemendes","1784145166724719083","","","in","Bengkulu","0","0","0","https://twitter.com/danilanen/status/1784145166724719083","775550516","danilanen"
"1784088278179914084","Sat Apr 27 08:58:44 +0000 2024","0","@babymet42040068 @SenderLabs Yuk sama2 paket komplitnya","1784145144213807448","","babymet42040068","in","","0","0","0","https://twitter.com/gibranarshaka20/status/1784145144213807448","1749415557487857664","gibranarshaka20"
"1784145094838526313","Sat Apr 27 08:58:33 +0000 2024","0","Indek Desa Membangun #IDMKemendesaBisa @jokowi @prabowo @gibran_tweet @halimiskandarnu @kemendespdtt @malik_haramain @imansyukri @taufikmadjid71 @yusradaridesa @azzameldzikrie @tppkemendes https://t.co/GDVMLMsdB4","1784145094838526313","https://pbs.twimg.com/media/GMKOf5ZaAAAtmwC.jpg","","in","Bengkulu","0","0","0","https://twitter.com/danilanen/status/1784145094838526313","775550516","danilanen"
"1784045047614525762","Sat Apr 27 08:58:21 +0000 2024","0","@kakacikay @SenderLabs Aku sudah komen tapi belum dibek","1784145044620116350","","kakacikay","in","","0","0","0","https://twitter.com/gibranarshaka20/status/1784145044620116350","1749415557487857664","gibranarshaka20"
"1784144957605024189","Sat Apr 27 08:58:00 +0000 2024","1","Pemutakhiran Data IDM tahun 2024 #IDMKemendesaBisa @jokowi @prabowo @gibran_tweet @halimiskandarnu @Kemendespdtt @malik_haramain @imansyukri @taufikmadjid71 @yusradaridesa @azzameldzikrie @tppkemendes @maulanakpw @irfan_11 @Supri_Jatim @FaridW1010 https://t.co/Qb2aKFMPbY","1784144957605024189","https://pbs.twimg.com/media/GMKOXzYbUAAYv3v.jpg","","in","Pasuruan","0","0","0","https://twitter.com/sugig_oke/status/1784144957605024189","920727424089800704","sugig_oke"
"1784112795681964445","Sat Apr 27 08:57:46 +0000 2024","0","@rasvegaa @SenderLabs Dah paket lengkap tuh kak","1784144897685311982","","rasvegaa","in","","0","0","0","https://twitter.com/gibranarshaka20/status/1784144897685311982","1749415557487857664","gibranarshaka20"
"1784144850167939507","Sat Apr 27 08:57:34 +0000 2024","0","Pascaputusan MK dan Penetapan KPU Mungkin Akan Ada Susunan Koalisi Baru Prabowo-Gibran https://t.co/hddy7B2GCD #beritajogja #jogja #jogjaistimewa https://t.co/gsfroZ1GMe","1784144850167939507","https://pbs.twimg.com/media/GMKOSWObkAAAozz.jpg","","in","Yogyakarta, Indonesia","0","0","0","https://twitter.com/Harian_Jogja/status/1784144850167939507","118371948","Harian_Jogja"
"1784144846414037038","Sat Apr 27 08:57:33 +0000 2024","0","IDM sebagai tolak ukur desa dalam mewujudkan tujuan pembangunan dan arah SDGs desa... #IDMKemendesaBisa @jokowi @prabowo @gibran_tweet @halimiskandarnu @Kemendespdtt @malik_haramain @imansyukri @taufikmadjid71 @yusradaridesa @azzameldzikrie @tppkemendes https://t.co/0sM92yCDUk","1784144846414037038","https://pbs.twimg.com/media/GMKORylbEAAEaSA.jpg","","in","Buton utara, Sulawesi Tenggara","0","0","0","https://twitter.com/Umardin19408121/status/1784144846414037038","882950049671426048","Umardin19408121"
"1784094308024684703","Sat Apr 27 08:57:21 +0000 2024","0","Kepake lagi sekali https://t.co/JGsUdoSB3H","1784144795046466006","https://pbs.twimg.com/media/GMKOOZcaoAA7CAb.jpg","Gibrannochigaro","in","Buaran, Indonesia","0","0","0","https://twitter.com/Gibrannochigaro/status/1784144795046466006","85278001","Gibrannochigaro"
"1784144785911263513","Sat Apr 27 08:57:19 +0000 2024","0","Perhatian pak @prabowo pak @gibran_tweet. Rakyat Indonesia yang memilih bapak tidak ikhlas jika @aniesbaswedan @ganjarpranowo @cakimiNOW ada di dalam kabinet pemerintah yang akan datang. Safe Prof @mohmahfudmd ðŸ‡²ðŸ‡¨","1784144785911263513","","","in","DKI Jakarta, Indonesia","0","0","0","https://twitter.com/ezra_ekofebri/status/1784144785911263513","2562540426","ezra_ekofebri"
"1784086435915845973","Sat Apr 27 08:57:18 +0000 2024","0","@namilaze1 @SenderLabs Tumben telat bang","1784144780538339827","","namilaze1","in","","0","0","0","https://twitter.com/gibranarshaka20/status/1784144780538339827","1749415557487857664","gibranarshaka20"
"1784106496940511371","Sat Apr 27 08:56:52 +0000 2024","0","@baraqueue @SenderLabs Aku gak pelit kok say","1784144673659097261","","baraqueue","in","","0","0","0","https://twitter.com/gibranarshaka20/status/1784144673659097261","1749415557487857664","gibranarshaka20"
"1784144612480938206","Sat Apr 27 08:56:38 +0000 2024","0","Indek Desa Membangun #IDMKemendesaBisa @jokowi @prabowo @gibran_tweet @halimiskandarnu @kemendespdtt @malik_haramain @imansyukri @taufikmadjid71 @yusradaridesa @azzameldzikrie @tppkemendes https://t.co/49yazCLeVp","1784144612480938206","https://pbs.twimg.com/media/GMKOEHOa0AASgsT.jpg","","in","Bengkulu","0","0","0","https://twitter.com/danilanen/status/1784144612480938206","775550516","danilanen"
"1784082297547067682","Sat Apr 27 08:56:36 +0000 2024","0","@Adityadh93 @SenderLabs Awas tidak diback","1784144604436275711","","Adityadh93","in","","0","0","0","https://twitter.com/gibranarshaka20/status/1784144604436275711","1749415557487857664","gibranarshaka20"
"1782850856339312946","Sat Apr 27 08:56:29 +0000 2024","0","@Gerindra @yusufagro @prabowo @gibran_tweet @BANGSAygSUJUD @Chavesz08 @AditBandit234 @Kenikir27 @AnisHectorium @AlmaghribiS @askencana @Papa_Brewook Justru untuk kebaikan bangsa jangan libatkan orangÂ² berpotensi merugikan bangsa","1784144576670027867","","Gerindra","in","East Java, Indonesia","0","0","0","https://twitter.com/DeDeeL_2/status/1784144576670027867","1539578147758166016","DeDeeL_2"
"1784141687478263837","Sat Apr 27 08:56:17 +0000 2024","0","@PRAKA_08 Bodo amat sih.. Intinya junjungan lo si Gibran kayaknya bakal jadi pajangan doang. Dikira Prabowo polos ya dengerin opini2 Gibran? ","1784144525704970624","","PRAKA_08","in","Di alam bawah sadarmu..","0","0","0","https://twitter.com/hidahidaan/status/1784144525704970624","129745434","hidahidaan"
"1784101974759317633","Sat Apr 27 08:56:11 +0000 2024","0","@arrjjun_ @irfanyu97 @SenderLabs Gotong royong yuk","1784144502225342742","","arrjjun_","in","","0","0","0","https://twitter.com/gibranarshaka20/status/1784144502225342742","1749415557487857664","gibranarshaka20"
"1784144453822808324","Sat Apr 27 08:56:00 +0000 2024","1","Ketua Umum partai NasDem Surya Paloh mengaku belum ada tawaran posisi menteri ke NasDem seusai bergabung dalam pemerintahan Prabowo-Gibran. https://t.co/CI1gneVntk","1784144453822808324","https://pbs.twimg.com/ext_tw_video_thumb/1784129512080551936/pu/img/-id_c8uo_NLmF-O7.jpg","","in","","0","0","0","https://twitter.com/detikcom/status/1784144453822808324","69183155","detikcom"
"1784119956675903924","Sat Apr 27 08:55:58 +0000 2024","0","@kokon_manise @Klinton009 @SenderLabs @saakuru_labs @Imaginary_Ones @ParamLaboratory Dibek yah... Ikan sepat ikan gabus Semakin cepat semakin bagus","1784144446822780986","","kokon_manise","in","","0","0","0","https://twitter.com/gibranarshaka20/status/1784144446822780986","1749415557487857664","gibranarshaka20"
"1784144325024379323","Sat Apr 27 08:55:29 +0000 2024","0","Prabowo dg trah jokowi itu gak akrab2 banget. Aku sih pgn liat prabowo nyikat gibran nanti","1784144325024379323","","","in","Magelay","0","0","0","https://twitter.com/syndassko/status/1784144325024379323","1008313165430439936","syndassko"
"1784031297649926397","Sat Apr 27 08:55:26 +0000 2024","0","@Heraloebss @prabowo @gibran_tweet Klen pd pula prabowo tdk sm dgn jokowi. Klw jokowi ya mungkin mau diatur buzzer dadakan ","1784144313364189666","","Heraloebss","in","Bukit Timah, Singapore","0","0","0","https://twitter.com/JoshuekImmanuel/status/1784144313364189666","1671080784072183809","JoshuekImmanuel"
"1784144310902092004","Sat Apr 27 08:55:26 +0000 2024","0","Bagaimana Gerakan Perubahan Usai Pilpres? Prabowo Gibran juga berjanji akan meningkatkan produktivitas pertanian dengan mencetak dan meningkatkan produktivitas lahan pertanian dengan lumbung pangan desa daerah dan nasional. https://t.co/hrKP6fn1zj @Mayapada0812 @m1n4_95 https://t.co/QUu6n4Pp2p","1784144310902092004","https://pbs.twimg.com/media/GMKNynAboAAHLeO.jpg","","in","","0","0","0","https://twitter.com/Simanjunta9Nico/status/1784144310902092004","1460142601449840652","Simanjunta9Nico"
"1784087839711592499","Sat Apr 27 08:55:22 +0000 2024","0","@Ali306462164992 @SenderLabs Sore bang Ali jangan lupa bek","1784144296792482090","","Ali306462164992","in","","0","0","0","https://twitter.com/gibranarshaka20/status/1784144296792482090","1749415557487857664","gibranarshaka20"
"1784142287515340960","Sat Apr 27 08:47:23 +0000 2024","0","Pendampingan Kegiatan Pendataan IDM Kabupaten Trenggalek @jokowi @prabowo @gibran_tweet @halimiskandarnu @kemendespdtt @malik_haramain @imansyukri @taufikmadjid71 @yusradaridesa @azzameldzikrie @tppkemendes https://t.co/sNeTHDWYBf","1784142287515340960","https://pbs.twimg.com/media/GMKL8j_awAAluww.jpg","","in","Trenggalek, Indonesia","0","0","0","https://twitter.com/GroupS43769/status/1784142287515340960","1734956949291372544","GroupS43769"
"1783800791779999839","Sat Apr 27 08:47:18 +0000 2024","0","@MurtadhaOne1 Nyindir Gibran dan ahy sekaligus","1784142267483381875","","MurtadhaOne1","in","IDN","0","0","0","https://twitter.com/Repsyzz/status/1784142267483381875","494318717","Repsyzz"
"1784118573268652103","Sat Apr 27 08:47:05 +0000 2024","0","@Kasayanto_ @PartaiSocmed @aven_januar @prabowo @gibran_tweet Sekretaris Parpol apakah representasi dari koalisi? Pemilu kali ini Gerindra tidak berdiri sendiri","1784142212198248639","","Kasayanto_","in","","0","0","0","https://twitter.com/MpokJule/status/1784142212198248639","1748971303707848704","MpokJule"
"1784142181818904713","Sat Apr 27 08:46:58 +0000 2024","0","Tak hadiri penetapan Prabowo-Gibran siapa yang dusta? Gimana tanggapan kalean lur? kasih paham di kolom komentar ya! #prabowo #gibran #ganjarpranowo #mahfudmd https://t.co/hWWWxugDY0","1784142181818904713","https://pbs.twimg.com/ext_tw_video_thumb/1784142157986803712/pu/img/aDzMAgUQ5HqWknOJ.jpg","","in","","0","0","0","https://twitter.com/TajukPolitik/status/1784142181818904713","729309555486642176","TajukPolitik"
"1783883563060154836","Sat Apr 27 08:46:43 +0000 2024","0","@Bambangmulyonoo @PDI_Perjuangan Apanya yang game over istilah kapal jangkarnya sudah dilego jangkar itu bernama Gibran Rakabuming Raka. Kapal ymg terombang ambing ambing itu bernama @PDI_Perjuangan .","1784142119487365174","","Bambangmulyonoo","in","Surabaya, Jawa Timur.","0","0","0","https://twitter.com/Gr4sssss/status/1784142119487365174","1534200395009904640","Gr4sssss"
"1784097126005522753","Sat Apr 27 08:46:25 +0000 2024","0","@praditdita @adith_wp @petitestardust G dulu = Gibran dulu? Ciyeeee","1784142044858142851","","praditdita","in","Tokyo-to, Japan","0","1","0","https://twitter.com/sisthaaaaa/status/1784142044858142851","61684120","sisthaaaaa"
"1784142043905957889","Sat Apr 27 08:46:25 +0000 2024","0","Kalkulasi Politik Andai Anies Rasyid Baswedan jadi Oposisi atau Masuk Pemerintahan. Jangan pula kt bilang bhw Partai NasDem PKB dan PKS telah berkhianat krn ada kadernya menjadi menterinya Prabowo-Gibran. https://t.co/YUOrhqAdOr @Mayapada0812 @m1n4_95 @DoankWarto @mulanbilqis https://t.co/CX11s94h4W","1784142043905957889","https://pbs.twimg.com/media/GMKLsPLaQAATD_8.jpg","","in","","0","0","0","https://twitter.com/Simanjunta9Nico/status/1784142043905957889","1460142601449840652","Simanjunta9Nico"
"1784141978734928019","Sat Apr 27 08:46:10 +0000 2024","0","Dengan IDM dapat membantu arah fokus arah pembangunan di desa. #IDMKemendesaBisa @jokowi @prabowo @gibran_tweet @halimiskandarnu @Kemendespdtt @malik_haramain @imansyukri @taufikmadjid71 @yusradaridesa @azzameldzikrie @tppkemendes https://t.co/3BCAPNfYNo","1784141978734928019","https://pbs.twimg.com/media/GMKLrL3b0AAvybN.jpg","","in","","0","0","0","https://twitter.com/insan_desa/status/1784141978734928019","1764670498355703809","insan_desa"
"1783924829898596567","Sat Apr 27 08:45:46 +0000 2024","0","@geloraco Prabowo gibran gak bakal nyampe 2 tahun..","1784141878293934470","","geloraco","in","","0","0","0","https://twitter.com/padmi78/status/1784141878293934470","1601970417106706433","padmi78"
"1784141854793236817","Sat Apr 27 08:45:40 +0000 2024","1","Mari Sukseskan Pemutakhiran Indeks Desa membangun (IDM) 20244 #IDMKemendesaBisa @jokowi @prabowo @gibran_tweet @halimiskandarnu @kemendespdtt @malik_haramain @imansyukri @taufikmadjid71 @yusradaridesa @azzameldzikrie @tppkemendes https://t.co/t0KkyyPbhY","1784141854793236817","https://pbs.twimg.com/media/GMKLjaibEAA4-pi.jpg","","in","Pidie, Indonesia","0","0","0","https://twitter.com/MjNasrullah/status/1784141854793236817","933886505860325376","MjNasrullah"
"1784141829065281640","Sat Apr 27 08:45:34 +0000 2024","0","AHY ajak warga Semarang menangkan Prabowo-Gibran agar Indonesia semakin maju. unv PDemokrat AgusYudhoyono Demokrat Demi rakyat https://t.co/SQwUKa2GKn","1784141829065281640","https://pbs.twimg.com/media/GE_XGTbbMAAKp1T.jpg","","in","","0","0","0","https://twitter.com/RisaFauzia36063/status/1784141829065281640","1657664274028978177","RisaFauzia36063"
"1783852255428649163","Sat Apr 27 08:45:27 +0000 2024","0","@BiLLRaY2019 Pernyataan dari Prabowo (Presiden) sedang pertanyaanya tertuju pafa Gibran (wakil Presoden) sampeyan putrane sinten (bopo) Lolos syarat nyawapres berkat paringane sinten ( si om ) Ini gimana pososi pernyataan PS thd pertanyaan kpd GRR","1784141799281570302","","BiLLRaY2019","in","Bhumi Mataram Merah Putih NKRI","0","0","0","https://twitter.com/AbdulganiMarju1/status/1784141799281570302","1462444535376596999","AbdulganiMarju1"
"1783428245528134005","Sat Apr 27 08:45:20 +0000 2024","0","@aniesbaswedan @VivianBala 1000 pengacara ngga ada yg mampu buktiin nepotisme yang dituduhkan ke gibran waduh...1000 pengacara sampah semua.","1784141770143810010","","aniesbaswedan","in","","0","0","0","https://twitter.com/penggelitik/status/1784141770143810010","1428896083451596802","penggelitik"
"1784037586459324870","Sat Apr 27 08:45:18 +0000 2024","0","@msobri99 Separah parahnya netizen lebih parah lagi yang ini bahkan juga MK berarti Jokowi gak punya anak laki dengan nama Gibran jadi mikir gw lantas dia anak siapa ","1784141762359115983","","msobri99","in","Jakarta","0","0","0","https://twitter.com/kamalatjeh82/status/1784141762359115983","348587065","kamalatjeh82"
"1784141749373616351","Sat Apr 27 08:45:15 +0000 2024","0","AHY diskusi masalah bangsa dengan Gibran: Tantangan global makin kompleks. gxp AgusYudhoyono PDemokrat Demokrat Demi rakyat https://t.co/AX3jO4ZFkq","1784141749373616351","https://pbs.twimg.com/media/GFj5ZsDbwAAc6Ib.jpg","","in","","0","0","0","https://twitter.com/RisaFauzia36063/status/1784141749373616351","1657664274028978177","RisaFauzia36063"
"1784140303223726348","Sat Apr 27 08:45:13 +0000 2024","0","@MafiaWasit Gibran vs haritanoe menang spo mbah","1784141743115673703","","MafiaWasit","in","yogyakarta","0","0","0","https://twitter.com/AlleyYafi/status/1784141743115673703","2927195718","AlleyYafi"
"1784040374589415485","Sat Apr 27 08:45:02 +0000 2024","0","@Dennysiregar7 Dengarkan tuh...@kaesangp ga usah ikut2 @gibran_tweet dia mah anak presiden","1784141695569035552","","Dennysiregar7","in","","0","0","0","https://twitter.com/AgusSudibyo3/status/1784141695569035552","1482952282816000001","AgusSudibyo3"
"1784141686500884951","Sat Apr 27 08:45:00 +0000 2024","0","SBY dan AHY kompak ajak masyarakat Banyuwangi pilih Prabowo-Gibran. qx] AgusYudhoyono PDemokrat Demokrat Demi rakyat https://t.co/G9CE3I1MNk","1784141686500884951","https://pbs.twimg.com/media/GFJ6UwZboAAYHDa.jpg","","in","","0","0","0","https://twitter.com/RisaFauzia36063/status/1784141686500884951","1657664274028978177","RisaFauzia36063"
"1784141671187599851","Sat Apr 27 08:44:56 +0000 2024","0","Terlihat dengan setia pak SBY presiden ke 6 Indonesia di atas panggung bersama dengan mas AHY juga mendukung Prabowo Gibran.. mwi PDemokrat AgusYudhoyono Demokrat Demi rakyat https://t.co/cIt208yYEH","1784141671187599851","","","in","","0","0","0","https://twitter.com/RisaFauzia36063/status/1784141671187599851","1657664274028978177","RisaFauzia36063"
"1784141659690975581","Sat Apr 27 08:44:54 +0000 2024","0","Kegiatan pendataan IDM Kementerian Desa PDT dilaksanakan oleh TPP berkolaborasi dgn stakeholder di Desa. #IDMKemendesaBisa @jokowi @prabowo @gibran_tweet @halimiskandarnu @Kemendespdtt @malik_haramain @imansyukri @taufikmadjid71 @yusradaridesa @azzameldzikrie @tppkemendes https://t.co/XQfjYyZRKl","1784141659690975581","https://pbs.twimg.com/media/GMKLYgFaAAAGFf6.jpg","","in","","0","0","0","https://twitter.com/Op4Penikay77/status/1784141659690975581","1691428193805455360","Op4Penikay77"
"1784141650895548520","Sat Apr 27 08:44:51 +0000 2024","0","Bapak SBY dan Mas AHY pun duduk diatas panggung ikut serta mendukung Prabowo Gibran. qfx AgusYudhoyono PDemokrat Demokrat Demi rakyat https://t.co/RdgbsRtlEt","1784141650895548520","","","in","","0","0","0","https://twitter.com/RisaFauzia36063/status/1784141650895548520","1657664274028978177","RisaFauzia36063"
"1784141638530637871","Sat Apr 27 08:44:49 +0000 2024","0","Pendataan IDM Kemendesa PDTT rutin dilaksanakan oleh TPP berkolaborasi dgn stakeholder terkait di Desa-desa terbukti mendapat apresiasi dari berbagai pihak #IDMKemendesaBisa @jokowi @prabowo @gibran_tweet @halimiskandarnu @Kemendespdtt @malik_haramain @imansyukri @taufikmadjid71","1784141638530637871","","","in","","0","0","0","https://twitter.com/dechiyayya/status/1784141638530637871","1601712913148153857","dechiyayya"
"1783835965376844086","Sat Apr 27 08:44:43 +0000 2024","0","@ARSIPAJA next Gibran tunjuk Jokowi","1784141614736462140","","ARSIPAJA","in","Tangerang","0","0","0","https://twitter.com/nathdcx/status/1784141614736462140","1155824041657167872","nathdcx"
"1784141614564175878","Sat Apr 27 08:44:43 +0000 2024","0","Menutup masa kampanye @PDemokrat hadir all out di GBK untuk merapatkan barisan menangkan Prabowo-Gibran.. vmi AgusYudhoyono PDemokrat Demokrat Demi rakyat https://t.co/UEqxcEg9Lw","1784141614564175878","https://pbs.twimg.com/ext_tw_video_thumb/1756201001139466240/pu/img/0BrS1UvuF2xLl_2l.jpg","","in","","0","0","0","https://twitter.com/RisaFauzia36063/status/1784141614564175878","1657664274028978177","RisaFauzia36063"
"1782850856339312946","Sat Apr 27 08:44:42 +0000 2024","0","@yusufagro @gustavssondhela @prabowo @gibran_tweet @BANGSAygSUJUD @Chavesz08 @AditBandit234 @Gerindra @Kenikir27 @AnisHectorium @AlmaghribiS @askencana @Papa_Brewook Iya negara punya nenek loe kami mah cuma ngontrak ...","1784141611078996444","","yusufagro","in","","0","0","0","https://twitter.com/DarmawangsaDar2/status/1784141611078996444","1535230146923610113","DarmawangsaDar2"
"1784141566992642458","Sat Apr 27 08:44:31 +0000 2024","0","Di fotoin ayang Fotoin ayang https://t.co/ixOFC45hK8","1784141566992642458","https://pbs.twimg.com/media/GMKLSPBbMAAU2iJ.jpg","","in","Bogor","0","0","0","https://twitter.com/pemakansayuran_/status/1784141566992642458","1408767189935480839","pemakansayuran_"
"1784131663275888846","Sat Apr 27 08:44:31 +0000 2024","0","@Perokofk tidak","1784141563721142567","","Perokofk","in","dnf w/o con ","0","0","0","https://twitter.com/teknikudara/status/1784141563721142567","874613431122313216","teknikudara"
"1784141509463593399","Sat Apr 27 08:44:18 +0000 2024","0","Pemutakhiran Data IDM 2024 #IDMKemendesaBisa @jokowi @prabowo @gibran_tweet @halimiskandarnu @Kemendespdtt @malik_haramain @imansyukri @taufikmadjid71 @yusradaridesa @azzameldzikrie @tppkemendes https://t.co/pRGwCjP9DT","1784141509463593399","https://pbs.twimg.com/media/GMKLPY7aoAAEnsc.jpg","","in","","0","0","0","https://twitter.com/bartkel44060/status/1784141509463593399","1695067906474655746","bartkel44060"
"1784118573268652103","Sat Apr 27 08:44:01 +0000 2024","0","@MpokJule @PartaiSocmed @aven_januar @prabowo @gibran_tweet Sekjen Gerindra hadir ...","1784141440739893368","","MpokJule","in","INDONESIA","0","1","0","https://twitter.com/Kasayanto_/status/1784141440739893368","1492079136","Kasayanto_"
"1784077361849442347","Sat Apr 27 08:43:58 +0000 2024","0","@tanyarlfes Cara terkenal emang hrus dihujat gtu. Nti bnyak penggemarnya. Lalu diajak dukung gibran.","1784141425069920530","","tanyarlfes","in","Bogor","0","0","0","https://twitter.com/SujarMUFC/status/1784141425069920530","338528250","SujarMUFC"
"1784125631640600763","Sat Apr 27 08:43:32 +0000 2024","0","@justcegil lucu sekali","1784141319037940172","","justcegil","in","dnf w/o con ","0","0","0","https://twitter.com/teknikudara/status/1784141319037940172","874613431122313216","teknikudara"
"1784141305960075437","Sat Apr 27 08:43:29 +0000 2024","1","Desa Mandiri Naik Jadi 11.456 Desa Gus Menteri @halimiskandarnu : Ini Jadi Motivasi Daerah Lain Genjot Pembangunan Desa Klik baca : https://t.co/hyqhAvNcrY #IDMKemendesaBisa @jokowi @prabowo @gibran_tweet @halimiskandarnu @taufikmadjid71 https://t.co/JtjhtjSMd5","1784141305960075437","","","in","Kendari, Indonesia","0","0","1","https://twitter.com/SuparmanSei/status/1784141305960075437","1606162772433469440","SuparmanSei"
"1784092671239389308","Sat Apr 27 08:43:20 +0000 2024","0","@tppkemendes @halimiskandarnu @jokowi @prabowo @gibran_tweet @taufikmadjid71 @malik_haramain @imansyukri Mantap selalu sukses untuk indonesia maju","1784141266047181169","","tppkemendes","in","","0","0","0","https://twitter.com/rikardo_yogi/status/1784141266047181169","1614864559906648065","rikardo_yogi"
"1783799720751854029","Sat Apr 27 08:42:57 +0000 2024","0","@okyanggriawan_ @tvOneNews Jng suruh2 orang yg bebal dg aturan. Aturan MK aja berani dikotak katik dah songong culas tak punya malu pula. Semoga tdk ada keberkahan hidup si Gibran.","1784141170970706381","","okyanggriawan_","in","","0","0","0","https://twitter.com/muhidweet/status/1784141170970706381","1593755645333078016","muhidweet"
"1783797963799867573","Sat Apr 27 08:42:27 +0000 2024","0","@StefanAntonio__ @PDI_Perjuangan @ganjarpranowo Klw PDIP menerima pinangan om wowo itu artinya apa yg sudah mereka teriakkan selama ini brarti kosong melompong wlwpun pake syarat tanpa gibran 'kan ga mung'in ","1784141042884976720","","StefanAntonio__","in","","0","0","0","https://twitter.com/ImamMuhayat11/status/1784141042884976720","1471376482454831107","ImamMuhayat11"
"1784038200761352392","Sat Apr 27 08:42:16 +0000 2024","0","@AREAJULID @prabowo @gibran_tweet kedepannya tugas panjenengan mungkin hal ini harus segera diurus rubah sistem masalah bea cukai di indonesia.","1784140998626754570","","AREAJULID","in","","0","0","0","https://twitter.com/MummyVengeance/status/1784140998626754570","1442710772182749184","MummyVengeance"
"1784140959540023795","Sat Apr 27 08:42:07 +0000 2024","0","PKB dan NasDem Gabung Koalisi Prabowo-Gibran Anies Bilang Begini https://t.co/CZP6wS1TbW #beritajogja #jogja #jogjaistimewa https://t.co/Ksp9LmLf4X","1784140959540023795","https://pbs.twimg.com/media/GMKKv39aoAA7q79.jpg","","in","Yogyakarta, Indonesia","0","0","0","https://twitter.com/Harian_Jogja/status/1784140959540023795","118371948","Harian_Jogja"
"1784137689148883205","Sat Apr 27 08:41:43 +0000 2024","0","@hidahidaan Tapi pensiunan projo mau buat relawan gibran ... bakal rame terus","1784140862353777053","","hidahidaan","in","INDONESIA","0","1","0","https://twitter.com/Kasayanto_/status/1784140862353777053","1492079136","Kasayanto_"
"1784140840618917934","Sat Apr 27 08:41:38 +0000 2024","0","IDM sangat penting dalam proses pembangunan Desa #IDMKemendesaBisa @jokowi @prabowo @gibran_tweet @halimiskandarnu @Kemendespdtt @malik_haramain @imansyukri @taufikmadjid71 @yusradaridesa @azzameldzikrie @tppkemendes https://t.co/GBiKIaBRLa https://t.co/dPJE8NXQuN","1784140840618917934","https://pbs.twimg.com/media/GMKKogEagAADoiC.jpg","","in","Sumenep, Jawa Timur","0","0","0","https://twitter.com/Sawasipld/status/1784140840618917934","1603909691276656640","Sawasipld"
"1784140834776236245","Sat Apr 27 08:41:37 +0000 2024","0","Pendataan IDM Kemendesa PDTT rutin dilaksanakan oleh TPP berkolaborasi dengan stakeholder terbukti mendapat apresiasi dari berbagai pihak. #IDMKemendesaBisa @jokowi @prabowo @gibran_tweet @halimiskandarnu @kemendespdtt @malik_haramain @imansyukri @taufikmadjid71 @azzameldzikrie https://t.co/ImFhgv6u8n","1784140834776236245","https://pbs.twimg.com/media/GMKKm8fbAAAYxIp.jpg","","in","","0","0","0","https://twitter.com/KedurangL/status/1784140834776236245","1618233201977348096","KedurangL"
"1784107403409285152","Sat Apr 27 08:41:12 +0000 2024","0","@gregoryalfared @SenderLabs Gak bisa satset","1784140728656146565","","gregoryalfared","in","","0","0","0","https://twitter.com/gibranarshaka20/status/1784140728656146565","1749415557487857664","gibranarshaka20"
"1784140678634905837","Sat Apr 27 08:41:00 +0000 2024","0","Prabowo-Gibran Kemaruk Jabatan?.","1784140678634905837","","","in","","0","0","0","https://twitter.com/Zaenal58788427/status/1784140678634905837","1573632007749263360","Zaenal58788427"
"1784140589874749836","Sat Apr 27 08:40:39 +0000 2024","0","@gibran_tweet benerin bisa kalii..","1784140589874749836","","gibran_tweet","in","Wonosobo, Jawa Tengah","0","0","0","https://twitter.com/muhamm_luqman/status/1784140589874749836","85948514","muhamm_luqman"
"1783806160883286043","Sat Apr 27 08:40:35 +0000 2024","0","@sukardiyahya162 @gibran_tweet @ganjarpranowo @mohmahfudmd Ente ente pler kwkwkkww","1784140573693382954","","sukardiyahya162","in","Medan Kota, Indonesia","1","0","0","https://twitter.com/iotganteng/status/1784140573693382954","244539906","iotganteng"
"1784140451983118722","Sat Apr 27 08:40:06 +0000 2024","0","Gegara Hal Ini Kekuatan Prabowo-Gibran diyakini Bertambah Berkali Lipat https://t.co/EUXz6a0npv","1784140451983118722","","","in","Pekanbaru","0","0","0","https://twitter.com/Riau24Com/status/1784140451983118722","788744100","Riau24Com"
"1784029869611053351","Sat Apr 27 08:39:42 +0000 2024","0","@kansasrisky_ @SenderLabs Tetep semangat","1784140351252681042","","kansasrisky_","in","","0","0","0","https://twitter.com/gibranarshaka20/status/1784140351252681042","1749415557487857664","gibranarshaka20"
"1784140259187736813","Sat Apr 27 08:39:20 +0000 2024","0","Prabowo Gibran Bisa Apa?.","1784140259187736813","","","in","","0","0","0","https://twitter.com/Zaenal58788427/status/1784140259187736813","1573632007749263360","Zaenal58788427"
"1784094937614844101","Sat Apr 27 08:38:41 +0000 2024","0","@petanipunk @saakuru_labs Dono bung","1784140098839490837","","petanipunk","in","","0","0","0","https://twitter.com/gibranarshaka20/status/1784140098839490837","1749415557487857664","gibranarshaka20"
"1784140077867917515","Sat Apr 27 08:38:36 +0000 2024","0","#IDMKemendesBISA @jokowi @prabowo @gibran_tweet @halimiskandarnu @Kemendespdtt @malik_haramain @imansyukri @taufikmadjid71 @yusradaridesa @azzameldzikrie @tppkemendes Sosialisasi percepatan input IDM 2024 https://t.co/2yTpjTongo","1784140077867917515","https://pbs.twimg.com/media/GMKJ8gFaUAAv84Z.jpg","","in","Kota Palembang, Sumatera Selat","0","0","0","https://twitter.com/wongmataram22/status/1784140077867917515","1607641645385936900","wongmataram22"
"1784118573268652103","Sat Apr 27 08:38:33 +0000 2024","0","@PartaiSocmed @aven_januar @prabowo @gibran_tweet PKS bukan urusan penting.... ","1784140062088913283","","PartaiSocmed","in","","0","1","0","https://twitter.com/MpokJule/status/1784140062088913283","1748971303707848704","MpokJule"
"1784139995302994430","Sat Apr 27 08:38:17 +0000 2024","0","Bahahahahahahahaha udah ngataÂ²in Prabowo &amp; Gibran di media sosial sama kadernya eh petinggi PKS ngarep jabatan di Pemerintahan Prabowo. ","1784139995302994430","","","in","Jakarta Capital Region","0","0","0","https://twitter.com/Imade_kun/status/1784139995302994430","1248255233433546754","Imade_kun"
"1784139974239248523","Sat Apr 27 08:38:12 +0000 2024","0","IDM untuk mengetahui perkembangan suatu desa dan sebagai dasar arah pembangunan desa. #IDMKemendesaBisa @jokowi @prabowo @gibran_tweet @halimiskandarnu @Kemendespdtt @malik_haramain @imansyukri @taufikmadjid71 @yusradaridesa @azzameldzikrie @tppkemendes https://t.co/G1c6iU2K1K","1784139974239248523","https://pbs.twimg.com/media/GMKJ2gRa0AAOQZj.jpg","","in","","0","0","0","https://twitter.com/bocahge81304121/status/1784139974239248523","1601192226117554178","bocahge81304121"
"1784139913379930373","Sat Apr 27 08:37:57 +0000 2024","18","Diminta pesanÂ² buat pemerintahan Prabowo-Gibran eh malah nembak Metro TV karena kopinya ga ada. https://t.co/jxZN46bnup","1784139913379930373","https://pbs.twimg.com/ext_tw_video_thumb/1784139638816505856/pu/img/a2P7ANZeZgrUZy4J.jpg","","in","Indonesia","0","1","4","https://twitter.com/narkosun/status/1784139913379930373","84221579","narkosun"
"1783861740675231757","Sat Apr 27 08:37:45 +0000 2024","1","@KhaerulArshaka @SenderLabs Semangat lur","1784139861525754272","","KhaerulArshaka","in","","0","0","0","https://twitter.com/gibranarshaka20/status/1784139861525754272","1749415557487857664","gibranarshaka20"
"1784062996882616404","Sat Apr 27 08:37:17 +0000 2024","2","@BANGSAygSUJUD @prabowo @gibran_tweet @budimandjatmiko Hati2 pkb merapat mereka tidak rela kemendes lepas","1784139746094301419","","BANGSAygSUJUD","in","","0","0","0","https://twitter.com/Haris_indira/status/1784139746094301419","701415233823318016","Haris_indira"
"1784135179256410544","Sat Apr 27 08:37:15 +0000 2024","0","@IncDiana @SenderLabs Secapat cahaya","1784139735906304451","","IncDiana","in","","0","0","0","https://twitter.com/gibranarshaka20/status/1784139735906304451","1749415557487857664","gibranarshaka20"
"1783827717747839157","Sat Apr 27 08:37:00 +0000 2024","0","@elsaday__ Aku orang pinggir jalan cari uang susah sekarang ...efek prabowo gibran menang. Rugi dongk...usahakecil https://t.co/pdaq0kxcT7","1784139671737667919","https://pbs.twimg.com/media/GMKJjJNbEAAdKTf.jpg","elsaday__","in","Tangerang, Indonesia depan hyp","0","0","0","https://twitter.com/SariantoYa52406/status/1784139671737667919","1724142707650760705","SariantoYa52406"
"1784134396465074466","Sat Apr 27 08:36:39 +0000 2024","1","@AKU_dgn3putra Pelangaran etik tetap. Gibran pake paman buat rubah UU juga tetap pelanggaran Bagi bagi sembako juga terbukti. Cuma konstitusi tetap memenangkan 02. Jadi secara hukum amin kalah. Menerima kekalahan bukan berarti mentolelir kecurangannya","1784139585439903783","","AKU_dgn3putra","in","Bumi","0","1","0","https://twitter.com/pakaipeci/status/1784139585439903783","99926414","pakaipeci"
"1784139495878930605","Sat Apr 27 08:36:18 +0000 2024","0","Dampingi Gibran bertemu SBY AHY: Demokrat all-out menangkan Prabowo Gibran. vw^ AgusYudhoyono PDemokrat Demokrat Demi rakyat https://t.co/Os2wneAfeS","1784139495878930605","https://pbs.twimg.com/media/GF9HZSrbgAAltnq.jpg","","in","Pameungpeuk, Indonesia","0","0","0","https://twitter.com/Denatataa/status/1784139495878930605","2757220911","Denatataa"
"1784123836914663854","Sat Apr 27 08:36:12 +0000 2024","0","@kompascom Lhoo lha emang menteri2 PDIP yang melantik TKN Prabowo-Gibran? Aneh. Makin ke sini kok makin ke situ https://t.co/Tjy4E2eYgT","1784139471409340622","https://pbs.twimg.com/media/GMKJXrnaMAAksfL.jpg","kompascom","in","","0","0","0","https://twitter.com/ZrahayuRahayu/status/1784139471409340622","1737726108420943872","ZrahayuRahayu"
"1784139330195427744","Sat Apr 27 08:35:38 +0000 2024","0","AHY sebut hilirisasi warisan SBY Prabowo-Gibran diminta perkuat lagi agromaritim.. rlw AgusYudhoyono PDemokrat Demokrat Demi rakyat https://t.co/Wq5mPZWQuS","1784139330195427744","https://pbs.twimg.com/media/GF4Mx0HboAAqRNS.jpg","","in","Pameungpeuk, Indonesia","0","0","0","https://twitter.com/Denatataa/status/1784139330195427744","2757220911","Denatataa"
"1784139317075644750","Sat Apr 27 08:35:35 +0000 2024","0","https://t.co/o31ZJGScGG Sosialisasi Indeks Desa Bagi Tenaga Pendamping Profesional Wilayah Sumat... @jokowi @prabowo @gibran_tweet @halimiskandarnu @Kemendespdtt @malik_haramain @imansyukri @taufikmadjid71 @yusradaridesa @azzameldzikrie","1784139317075644750","","","in","Banda Aceh, Prov Aceh","0","0","0","https://twitter.com/reni_rescor/status/1784139317075644750","131053267","reni_rescor"
"1784129064942309440","Sat Apr 27 08:35:19 +0000 2024","3","@_sekarkinanthi_ @Gerindra @fadlizon @psi_id @prabowo @Dahnilanzar @andre_rosiade @bang_dasco @jokowi @Dennysiregar7 @Aryprasetyo85 @aariejazz @ZUL_Hasan @golkarpedia @golkar_id @Fahrihamzah @bjah89 @branjangankawat @BiLLRaY2019 @NgkongRoses @YRadianto @PartBurungGalak @CherylTanzil @grace_nat @03__nakula @DedynurPalakka @gibran_tweet @dewiirawan13 @hilalmultibiz @DS_yantie @widarto63285827 @seruanhl @RIPDEMOKRASI DNA Pengkhianat Soemitro.... https://t.co/Xi3T7Bh9Ba","1784139251657093185","https://pbs.twimg.com/media/GMKJIqYasAA0GGr.jpg","Dargomb33306384","in","","0","0","3","https://twitter.com/Dargomb33306384/status/1784139251657093185","1077474025662668800","Dargomb33306384"
"1784139199933001820","Sat Apr 27 08:35:07 +0000 2024","0","Terbukti menangkan pilpres 2 kali pengamat nilai peran Demokrat menangkan Prabowo-Gibran sangat vital.. c^k PDemokrat AgusYudhoyono Demokrat Demi rakyat https://t.co/AMfBReLG53","1784139199933001820","https://pbs.twimg.com/media/GFJ7HBvaQAAVadm.jpg","","in","Pameungpeuk, Indonesia","0","0","0","https://twitter.com/Denatataa/status/1784139199933001820","2757220911","Denatataa"
"1784139181675180505","Sat Apr 27 08:35:03 +0000 2024","0","All out menangkan Prabowo Gibran AHY: Kita wujudkan kesejahteraan rakyat.. \m_ PDemokrat AgusYudhoyono Demokrat Demi rakyat https://t.co/toccRHhBxC","1784139181675180505","https://pbs.twimg.com/media/GEmrGegbYAADbIg.jpg","","in","Pameungpeuk, Indonesia","0","0","0","https://twitter.com/Denatataa/status/1784139181675180505","2757220911","Denatataa"
"1784139156538687673","Sat Apr 27 08:34:57 +0000 2024","0","Kegiatan pendataan IDM (Indeks Desa Membangun) Kementerian Desa PDTT rutin dilaksanakan oleh TPP #IDMKemendesaBisa @jokowi @prabowo @gibran_tweet @halimiskandarnu @Kemendespdtt @malik_haramain @imansyukri @taufikmadjid71 @yusradaridesa @azzameldzikrie @tppkemendes https://t.co/yTJ8FxpRSW","1784139156538687673","https://pbs.twimg.com/media/GMKJGYNawAAzahF.jpg","","in","","0","0","0","https://twitter.com/Tyosuli40238391/status/1784139156538687673","1600104121998065664","Tyosuli40238391"
"1784092671239389308","Sat Apr 27 08:34:16 +0000 2024","0","@tppkemendes @halimiskandarnu @jokowi @prabowo @gibran_tweet @taufikmadjid71 @malik_haramain @imansyukri Sukses Gus. Menteri... IDM-2024","1784138984366674323","","tppkemendes","in","","0","0","0","https://twitter.com/nisarasyid18/status/1784138984366674323","1704655765917900800","nisarasyid18"
"1784138850870403259","Sat Apr 27 08:33:44 +0000 2024","0","AHY ajak warga Semarang menangkan Prabowo-Gibran agar Indonesia semakin maju. unv PDemokrat AgusYudhoyono Demokrat Demi rakyat https://t.co/Pn7QeRQvGt","1784138850870403259","https://pbs.twimg.com/media/GE_XGTbbMAAKp1T.jpg","","in","Pameungpeuk, Indonesia","0","0","0","https://twitter.com/Denatataa/status/1784138850870403259","2757220911","Denatataa"
"1784138783111451077","Sat Apr 27 08:33:28 +0000 2024","0","AHY diskusi masalah bangsa dengan Gibran: Tantangan global makin kompleks. gxp AgusYudhoyono PDemokrat Demokrat Demi rakyat https://t.co/23jMwsftMp","1784138783111451077","https://pbs.twimg.com/media/GFj5ZsDbwAAc6Ib.jpg","","in","Pameungpeuk, Indonesia","0","0","0","https://twitter.com/Denatataa/status/1784138783111451077","2757220911","Denatataa"
"1784137689148883205","Sat Apr 27 08:33:27 +0000 2024","0","@hidahidaan Gibran akan diplot seperti Kyai Maruf untuk mengambil suara fanatis. KHMA ambil suara Nahdliyin Gibran mengamankan suara Projo.","1784138780972290089","","hidahidaan","in","Jakarta Selatan, DKI Jakarta","0","1","0","https://twitter.com/ph4n_/status/1784138780972290089","136499246","ph4n_"
"1784138747837317630","Sat Apr 27 08:33:19 +0000 2024","0","SBY dan AHY kompak ajak masyarakat Banyuwangi pilih Prabowo-Gibran. qx] AgusYudhoyono PDemokrat Demokrat Demi rakyat https://t.co/uVvqtOONS2","1784138747837317630","https://pbs.twimg.com/media/GFJ6UwZboAAYHDa.jpg","","in","Pameungpeuk, Indonesia","0","0","0","https://twitter.com/Denatataa/status/1784138747837317630","2757220911","Denatataa"
"1784138739809395009","Sat Apr 27 08:33:17 +0000 2024","0","Terlihat dengan setia pak SBY presiden ke 6 Indonesia di atas panggung bersama dengan mas AHY juga mendukung Prabowo Gibran.. mwi PDemokrat AgusYudhoyono Demokrat Demi rakyat https://t.co/HSyslpDKGE","1784138739809395009","","","in","Pameungpeuk, Indonesia","0","0","0","https://twitter.com/Denatataa/status/1784138739809395009","2757220911","Denatataa"
"1784138731911561519","Sat Apr 27 08:33:16 +0000 2024","0","Bapak SBY dan Mas AHY pun duduk diatas panggung ikut serta mendukung Prabowo Gibran. qfx AgusYudhoyono PDemokrat Demokrat Demi rakyat https://t.co/fSiBcdwxgw","1784138731911561519","","","in","Pameungpeuk, Indonesia","0","0","0","https://twitter.com/Denatataa/status/1784138731911561519","2757220911","Denatataa"
"1784138718036836686","Sat Apr 27 08:33:12 +0000 2024","0","Menutup masa kampanye @PDemokrat hadir all out di GBK untuk merapatkan barisan menangkan Prabowo-Gibran.. vmi AgusYudhoyono PDemokrat Demokrat Demi rakyat https://t.co/8apoN2rvSZ","1784138718036836686","https://pbs.twimg.com/ext_tw_video_thumb/1756201001139466240/pu/img/0BrS1UvuF2xLl_2l.jpg","","in","Pameungpeuk, Indonesia","0","0","0","https://twitter.com/Denatataa/status/1784138718036836686","2757220911","Denatataa"
"1784138668971897242","Sat Apr 27 08:33:01 +0000 2024","1","Desa Mandiri Naik Jadi 11.456 Desa Gus Menteri @halimiskandarnu : Ini Jadi Motivasi Daerah Lain Genjot Pembangunan Desa Klik baca : https://t.co/hyqhAvNcrY #IDMKemendesaBisa @jokowi @prabowo @gibran_tweet @halimiskandarnu @taufikmadjid71 @malik_haramain @imansyukri https://t.co/ZJRZ8EnLjo","1784138668971897242","https://pbs.twimg.com/media/GMKIqc7bwAALX6s.jpg","","in","Kendari, Indonesia","0","0","1","https://twitter.com/SuparmanSei/status/1784138668971897242","1606162772433469440","SuparmanSei"
"1784037586459324870","Sat Apr 27 08:32:45 +0000 2024","0","@msobri99 Kok malah nyindir Gibran? Dibilang berprestasi berani berkorban dan tulus mengabdi. Huh!","1784138604618637418","","msobri99","in","","0","0","0","https://twitter.com/MdZigyt/status/1784138604618637418","1606177723499827200","MdZigyt"
"1784138544732364937","Sat Apr 27 08:32:31 +0000 2024","0","#IDMKemendesaBisa @jokowi @prabowo @gibran_tweet @halimiskandarnu @Kemendespdtt @malik_haramain @imansyukri @taufikmadjid71 @yusradaridesa @azzameldzikrie @tppkemendes Sosialisasi Indeks Desa Bagi Tenaga Pendamping Profesional Wilayah Sumat...","1784138544732364937","","","in","","0","0","0","https://twitter.com/muksannasir78/status/1784138544732364937","1599732696632070144","muksannasir78"
"1784138497684803878","Sat Apr 27 08:32:20 +0000 2024","0","Dampingi Gibran bertemu SBY AHY: Demokrat all-out menangkan Prabowo Gibran. vw^ AgusYudhoyono PDemokrat Demokrat Demi rakyat https://t.co/KKYDaPVbbQ","1784138497684803878","https://pbs.twimg.com/media/GF9HZSrbgAAltnq.jpg","","in","West Java, Indonesia","0","0","0","https://twitter.com/Sahara_agustinn/status/1784138497684803878","2757635771","Sahara_agustinn"
"1784126043521175761","Sat Apr 27 08:32:18 +0000 2024","0","@zarryhendrik Gibran bang. Keren. Wapres termuda sepanjang sejarah Indonesia. Attitudenya jempolan. Kecerdasannya mengalahkan profesor. Semoga anak abang persis mirip Gibran dr segala aspeknya atau kalau mau ada unsur jawanya bisa menamakan anak dengan nama Widodo.","1784138492165144653","","zarryhendrik","in","Cirebon, Jawa Barat","0","0","0","https://twitter.com/DanunMuseLim/status/1784138492165144653","533874322","DanunMuseLim"
"1784138434787078315","Sat Apr 27 08:32:05 +0000 2024","0","Proses penginputan IDM 2024 desa dampingan #idmkemendesbisa @jokowi @prabowo @gibran_tweet @halimiskandarnu @tppkemendes https://t.co/4efXRQ5Sfj","1784138434787078315","https://pbs.twimg.com/media/GMKIcxFbQAAlhG8.jpg","","in","","0","0","0","https://twitter.com/Sumantodedi14/status/1784138434787078315","1599751191621431301","Sumantodedi14"
"1784047159253610706","Sat Apr 27 08:32:02 +0000 2024","0","@Mdy_Asmara1701 Bener kok Gibran sebelum jd wapres dan walikota jg harus jd anaknya pak jokowi dulu... Itu proses yg sulit dan panjang asliii","1784138423705772133","","Mdy_Asmara1701","in","cirebon","0","0","0","https://twitter.com/Engkong_11/status/1784138423705772133","452135565","Engkong_11"
