created_at;id_str;full_text;quote_count;reply_count;retweet_count;favorite_count;lang;user_id_str;conversation_id_str;username;tweet_url
Sun Feb 04 14:09:56 +0000 2024;1754145264653516971;"@idextratime ANIES TEGA NANYAIN SOAL PERLINDUNGAN PEREMPUAN KE PRABOWO  LHA WONG PRABOWO AJA GA MELINDUNGI ISTRINYA, MALAH DIPEGAT NOOHHH TITIEK";0;0;0;0;in;1407584888480436227;1754144806023176340;diandra_sari03;https://twitter.com/diandra_sari03/status/1754145264653516971
Sun Feb 04 14:09:55 +0000 2024;1754145262870974569;"Pertanyan pak anies soal perlindungan kepada perempuan di jawab sendiri oleh pak anies ğŸ˜”";0;0;0;0;in;2209831022;1754145262870974569;AlasBanjaran;https://twitter.com/AlasBanjaran/status/1754145262870974569
Sun Feb 04 14:09:55 +0000 2024;1754145262162116743;"Rugi sih klo pak anies ga naik";0;0;0;0;in;1026638941426839553;1754145093479703034;kcngkuacipermen;https://twitter.com/kcngkuacipermen/status/1754145262162116743
Sun Feb 04 14:09:55 +0000 2024;1754145261939806624;"wkwk pa anies sblm nanya ke pa prabowo senyam senyumnya serem bgt";0;0;0;0;in;1146445326506573826;1754145261939806624;jallyfishhh;https://twitter.com/jallyfishhh/status/1754145261939806624
Sun Feb 04 14:09:55 +0000 2024;1754145261360922647;"ANJIRRR FINALLY PAK ANIES NGOMONGNYA LEWAT WAKTU WALAU CMA TERIMA KASIH DOANG WKAKAKAKKAKAKA ğŸ”¥ğŸ”¥ğŸ”¥ğŸ”¥ğŸ”¥ğŸ”¥ https://t.co/VuaFCcpQU3";0;0;0;0;in;1512083429613248514;1754145261360922647;shafqilaa;https://twitter.com/shafqilaa/status/1754145261360922647
Sun Feb 04 14:09:55 +0000 2024;1754145261037949030;"yaAllah Anies ngomong akan menindak kekerasan perempuan termasuk sejak catcalling gue pengen nangis sedetik";0;0;0;0;in;95392110;1754145261037949030;balqiskn_;https://twitter.com/balqiskn_/status/1754145261037949030
Sun Feb 04 14:09:54 +0000 2024;1754145259188306173;"Pak anies tadi udah ngejelasin da, naha ai pak prabowo jawabannya tidak nyambung:(";0;0;0;0;in;421155419;1754145259188306173;safisnain;https://twitter.com/safisnain/status/1754145259188306173
Sun Feb 04 14:09:54 +0000 2024;1754145258945028318;"tadi pak anies kurang tegas";0;0;0;0;in;1229626898767941633;1754145258945028318;roroyanro;https://twitter.com/roroyanro/status/1754145258945028318
Sun Feb 04 14:09:54 +0000 2024;1754145257959379281;"Pak Anies jangan tanya soal perempuan ke Pak Prabowo  dia aja ga punya istri hehehehe";0;0;0;0;in;1254913683416690688;1754145257959379281;baymaaks;https://twitter.com/baymaaks/status/1754145257959379281
Sun Feb 04 14:09:54 +0000 2024;1754145257015673063;"W jadi percaya anies ganjar dah janjian ğŸ˜­ğŸ˜­ğŸ˜­";0;0;0;0;in;172355342;1754145257015673063;conconlatte;https://twitter.com/conconlatte/status/1754145257015673063
Sun Feb 04 14:09:54 +0000 2024;1754145256797511698;"catcalling bukan hal yang disepelekan (parafrase) -anies baswedan";0;0;0;0;in;3269153257;1754145040103100716;panasdiri;https://twitter.com/panasdiri/status/1754145256797511698
Sun Feb 04 14:09:54 +0000 2024;1754145255790903731;"pak anies ngomongin perlindungan perempuan gua mau nangisss :(((";0;0;0;0;in;404585583;1754145255790903731;wakeupjww;https://twitter.com/wakeupjww/status/1754145255790903731
Sun Feb 04 14:09:54 +0000 2024;1754145255493189935;"pak anies aware sampe ke masalah cat-calling juga";0;0;0;0;in;1429449592811102208;1754145255493189935;cronaissante;https://twitter.com/cronaissante/status/1754145255493189935
Sun Feb 04 14:09:53 +0000 2024;1754145255262454215;"sy sdh mengetahui apa yg hrs dijadikan concern di dunia pendidikan biasa klo di lingkungan ngontakners kbtulan tetangga org ASN, apa yg disampaikan Pak Anies 100% VALID guru tdk fokus dgn bidangnya trlalu byk pekerjaan yg bersifat administratif  ABAH ANIES ROCKS DEBAT CAPRES";0;0;0;0;in;488495037;1754145255262454215;trey_3ex;https://twitter.com/trey_3ex/status/1754145255262454215
Sun Feb 04 14:09:53 +0000 2024;1754145254574641364;"bjir bilang pa anies kurang tegas, lu aja td ditanya apa jawab apa";0;0;0;0;in;1120013337373265921;1754145254574641364;sttresberat;https://twitter.com/sttresberat/status/1754145254574641364
Sun Feb 04 14:09:53 +0000 2024;1754145252850737569;"maneh yang gak nyambung Prabowo, bukan Anies yang gak tegas";0;0;0;0;in;1633835406625234952;1754145252850737569;_niwhy;https://twitter.com/_niwhy/status/1754145252850737569
Sun Feb 04 14:09:53 +0000 2024;1754145252737524065;"WUOOOHH ANIES PROGRESIF COYY â€œPEREMPUAN HARUS PUNYA WAGE YG SAMA DENGAN LAKI-LAKIâ€ğŸ˜‹ğŸ˜‹ğŸ˜‹ğŸ˜‹ğŸ˜‹";0;0;0;0;in;1506678344666193924;1754145252737524065;leutnantzaki;https://twitter.com/leutnantzaki/status/1754145252737524065
Sun Feb 04 14:09:53 +0000 2024;1754145252468998203;"Pak anies kurang tegas nih ahhhh nooobbb";0;0;0;0;in;1609777178;1754145252468998203;swebkage;https://twitter.com/swebkage/status/1754145252468998203
Sun Feb 04 14:09:53 +0000 2024;1754145252418654287;"pertanyaannya anies dari awal sudah sejelas itu";0;0;0;0;in;771217392194035712;1754145185901187540;dokeuy;https://twitter.com/dokeuy/status/1754145252418654287
Sun Feb 04 14:09:53 +0000 2024;1754145252087382279;"Anies dan PKS mendukung peningkatan kapasitas guru dalam menyediakan pembelajaran daring, menghadapi dinamika perubahan teknologi. #CoblosPKSAniesPresiden AniesPresiden PKSPartaiku";0;0;0;0;in;1626104883286876160;1754145252087382279;setiaa_pratiwi;https://twitter.com/setiaa_pratiwi/status/1754145252087382279
Sun Feb 04 14:09:53 +0000 2024;1754145251772817609;"â€œPerempuan harus punya upah yang setara dengan laki-lakiâ€ OMG PAK ANIES IS A PROGRESSIVE FEMINIST WE LOVE TO SEE IT!!!! #debatcapres2024 #DebatCapres";0;0;0;1;in;1227302138818121728;1754145251772817609;shafi__ra;https://twitter.com/shafi__ra/status/1754145251772817609
Sun Feb 04 14:09:52 +0000 2024;1754145250942267470;"pak anies ngedenger jawaban El gemoy ğŸ˜ğŸ˜ğŸ˜ #debatcapres2024";0;0;0;0;in;1629571924300042241;1754145250942267470;yayayabombayah;https://twitter.com/yayayabombayah/status/1754145250942267470
Sun Feb 04 14:09:52 +0000 2024;1754145249570824608;"Sejak nonton desak Anies, Selalu terkesima dengan permainan diksi dan kata kata beliau";0;0;0;0;in;727791370170077184;1754145249570824608;satekuahrawon;https://twitter.com/satekuahrawon/status/1754145249570824608
Sun Feb 04 14:09:52 +0000 2024;1754145249193312635;"@txtdrimedia Anies sama ganjar.. yg tengah ngikut â€˜setujuâ€™ doang ga seru.";0;0;0;0;in;755847800;1754124747678630007;ravenxxxxk;https://twitter.com/ravenxxxxk/status/1754145249193312635
Sun Feb 04 14:09:52 +0000 2024;1754145249021309349;"Scene 13 INT - Ruang Debat - Night                               Cak Imin          (Menyilangkan tangan di dada) Mas Anies kok jadi lebih klik sama Pak Ganjar ya?                            Prof Mahfud hmmm aku udah resign lhoooo Pak Ganjaaaaarr";0;0;0;0;in;258874416;1754105539896959049;adjisdoaibu;https://twitter.com/adjisdoaibu/status/1754145249021309349
Sun Feb 04 14:09:52 +0000 2024;1754145248295690510;"Anies: â€œEh lu dengerin ngga sih apa pertanyaan gue? Coba lo jawab lagi yang bener habis ini ya soalnya perempuan tuh butuh dimuliakan.â€";0;0;0;0;in;1443910518;1754144407593599297;cepatbozan;https://twitter.com/cepatbozan/status/1754145248295690510
Sun Feb 04 14:09:52 +0000 2024;1754145247658131887;"pak aniesâ€¦ huhuâ€¦ kl dia kalah indonesia yg rugi ğŸ˜­ğŸ˜­ğŸ˜­";0;0;0;0;in;1499054859353751552;1754145247658131887;binthebuilder;https://twitter.com/binthebuilder/status/1754145247658131887
Sun Feb 04 14:09:52 +0000 2024;1754145247075151875;"@presidentmoy ganjar anies nih kaya bff abis";0;0;0;0;in;1117036346684534786;1754142502792355859;kcntrasepsi;https://twitter.com/kcntrasepsi/status/1754145247075151875
Sun Feb 04 14:09:51 +0000 2024;1754145246093681096;"PAK ANIES MAKASIH SEKALI SUDAH MENYUARAKAN KEAMANAN PEREMPUAN";0;0;0;0;in;1202799187445727233;1754145246093681096;felixgalon;https://twitter.com/felixgalon/status/1754145246093681096
Sun Feb 04 14:09:51 +0000 2024;1754145245292572913;"pak prabs ditanya apa jawabnya apa atuh. mantaps pak anies angkat isu soal perempuan ğŸ˜™";0;0;0;0;in;74228712;1754145245292572913;miaspaces;https://twitter.com/miaspaces/status/1754145245292572913
Sun Feb 04 14:09:51 +0000 2024;1754145244868981204;"@imanlagi Bang Iman, minta tolong Pak ARB dibisikin sesekali promosi Desal Anies biar viewer TV &amp  Youtube mampir juga nonton Desak Anies, siapa tau engagementnya naik &amp  sekaligus nambah voter";0;0;0;0;in;1356237024743706624;1754145181098704989;Ulteriorsname;https://twitter.com/Ulteriorsname/status/1754145244868981204
Sun Feb 04 14:09:51 +0000 2024;1754145244453691780;"as a woman, big thanks to pak anies karna bringing the woman topic up. but feel bad for u pak karna malah dibilang kurang tegas pertanyaannyağŸ˜­ğŸ™ğŸ»";0;0;0;0;in;1478361370303234048;1754145244453691780;812121l;https://twitter.com/812121l/status/1754145244453691780
Sun Feb 04 14:09:51 +0000 2024;1754145244038439316;"ANIES MENTIONING CAT-CALLING AS PERLINDUNGAN TERHADAP PEREMPUAN ğŸ¥¹ #DebatCapres #DebatCapresTerakhir #debatcapres2024";0;0;0;1;in;1436655384320626688;1754145244038439316;taylashwift;https://twitter.com/taylashwift/status/1754145244038439316
Sun Feb 04 14:09:50 +0000 2024;1754145242738213072;"mau nangis bgt pak anies bahasnya ttg perlindungan perempuan, mana mention catcallingğŸ¥ºğŸ¥ºğŸ¥º";0;0;0;0;in;1675039113089814531;1754145242738213072;noturgirlfrnddd;https://twitter.com/noturgirlfrnddd/status/1754145242738213072
Sun Feb 04 14:09:50 +0000 2024;1754145241555411307;"ABAH NANGIS BANGET SUMPAH, sampai bahas cat calling, dan memuliakan perempuanğŸ˜­ğŸ˜­  ABAH ANIES ROCKS DEBAT CAPRES  #AForEvery1  #AniesFinalStage #debatcapres2024";0;0;0;2;in;4879935646;1754145241555411307;perlahaan;https://twitter.com/perlahaan/status/1754145241555411307
Sun Feb 04 14:09:50 +0000 2024;1754145241542865017;"pak Anies mending langsung jadi presiden aja";0;0;0;0;in;1393932372177866753;1754145241542865017;bunnybiess;https://twitter.com/bunnybiess/status/1754145241542865017
Sun Feb 04 14:09:50 +0000 2024;1754145240586539206;""Dari catcalling sampai kekerasan..."  Anies Baswedan berbicara masalah perempuan  There's no way I won't coblos number one ğŸ—³ï¸ğŸ“Œ";0;0;0;0;in;859172282362544128;1754145240586539206;fadliiramadann;https://twitter.com/fadliiramadann/status/1754145240586539206
Sun Feb 04 14:09:50 +0000 2024;1754145239730946170;"YA ALLAH ABAH ANIES MULIA SEKALI PEMIKIRAN YANG ABAH PUNYA TENTANG KEAMANAN PEREMPUANğŸ¥¹ğŸ’˜";0;0;0;0;in;1273255685602476034;1754145239730946170;mikrobiologis;https://twitter.com/mikrobiologis/status/1754145239730946170
Sun Feb 04 14:09:50 +0000 2024;1754145239730909592;"LAH KO MALAH PAK ANIES YG KURANG TEGAS WKWK";0;0;0;0;in;1371090293412356096;1754145239730909592;ciellenuage;https://twitter.com/ciellenuage/status/1754145239730909592
Sun Feb 04 14:09:50 +0000 2024;1754145239659651501;"anies malah ngejawabin buat prabowo aduh ğŸ¤­  ya kalo cuma ditegakkan berarti skrg udh cukup???? sianying nangisğŸ˜­ğŸ˜­ğŸ˜­ğŸ˜­ğŸ˜­ğŸ˜­ğŸ˜­ğŸ˜­ğŸ˜­ğŸ˜­ğŸ˜­ğŸ˜­ğŸ˜­ #debatcapres";0;0;0;0;in;90617703;1754145239659651501;Hasmaindah;https://twitter.com/Hasmaindah/status/1754145239659651501
Sun Feb 04 14:09:50 +0000 2024;1754145239563121101;""mas anies kurang tegas bahas perlindungan perempuan" HE LITERALLY ASKED U????";0;0;0;0;in;1213059206971981824;1754141439641137551;mugippi;https://twitter.com/mugippi/status/1754145239563121101
Sun Feb 04 14:09:49 +0000 2024;1754145237814091922;"Masya Allah Abah Anies  ABAH ANIES ROCKS DEBAT CAPRES #AForEvery1 #AniesFinalStage #debatcapres2024";0;0;0;0;in;1288351652164984833;1754145237814091922;justthv31_;https://twitter.com/justthv31_/status/1754145237814091922
Sun Feb 04 14:09:49 +0000 2024;1754145237583507548;"pak anies bahas catcallingğŸ¥¹akhirnyaa huhu";0;0;0;0;in;1856795322;1754145237583507548;1205gz;https://twitter.com/1205gz/status/1754145237583507548
Sun Feb 04 14:09:49 +0000 2024;1754145237285671291;"anies sampe mention catcalling hal yang dianggap sepele sm masyarakat sekarang. my respect goesğŸ“ˆğŸ“ˆğŸ“ˆğŸ“ˆğŸ“ˆğŸ“ˆ";0;0;0;0;in;1314173656877080580;1754145237285671291;ciciqwin;https://twitter.com/ciciqwin/status/1754145237285671291
Sun Feb 04 14:09:49 +0000 2024;1754145235553370231;"Ini juga pertanyaan dari Pak Anies dan Pak Ganjar bagusÂ², tepat sasaran sama yg emang lagi jadi sorotan (bansos, makan siang gratis, kesejahteraan pekerja) dan yg masih minim dari sorotan (perlindungan perempuan) di pembahasan visi misi capres.";0;0;0;0;in;1498628186678362115;1754145235553370231;CoffeeChaCha;https://twitter.com/CoffeeChaCha/status/1754145235553370231
Sun Feb 04 14:09:48 +0000 2024;1754145233980514465;"padahal dari awal pertanyaan pak anies udh sangat jelasğŸ˜­ pakk wowo pulang aja dah pakk.";0;0;0;0;in;1084286862804414465;1754145233980514465;slaypii;https://twitter.com/slaypii/status/1754145233980514465
Sun Feb 04 14:09:48 +0000 2024;1754145233716265349;"ADUH BANGKEEEEE ITU PAK ANIES UDAH NGOMONG DI AWAL GUE AJA NANGKEP";0;0;0;0;in;1684458443992887297;1754145233716265349;rhodanhte;https://twitter.com/rhodanhte/status/1754145233716265349
Sun Feb 04 14:09:48 +0000 2024;1754145232554455462;"Capres no urut 1 Anies Baswedan bertanya ke capres no urut 2 Prabowo Subianto.  Anies mengatakan gagasan pak Prabowo adalah keberlanjutan. Terkait dengan persoalan perempuan, bisakah dijelaskan apa yang kurang dari perlindungan perempuan.  #debatcapres";0;0;0;0;in;124390203;1754145232554455462;beritaKBR;https://twitter.com/beritaKBR/status/1754145232554455462
Sun Feb 04 14:09:48 +0000 2024;1754145232005030398;"ANIES BASICALLY SHOWING OFF DIA DEKET SAMA PEREMPUAN DAN PEREMPUAN MUDA (anaknya) DAN EKOSISTEMNYA.  PRABOWO ENGGAK ğŸ˜­ğŸ˜­ğŸ˜­ğŸ˜­";0;0;1;2;in;2334348769;1754145232005030398;adhmrdkn;https://twitter.com/adhmrdkn/status/1754145232005030398
Sun Feb 04 14:09:48 +0000 2024;1754145231514280029;"cok malah nyalahin anies";0;0;0;0;in;1492471884130426881;1754145231514280029;vbeomie;https://twitter.com/vbeomie/status/1754145231514280029
Sun Feb 04 14:09:48 +0000 2024;1754145230985842907;"Anies Baswedan menyampaikan visi misi pada Debat Capres Pamungkas. Namun, Anies sempat menggunakan bahasa isyarat saat membukanya.  #debatcapres2024 #DebatCapresTerakhir #DebatPilpres  https://t.co/2j8jkezDC3";0;0;0;0;in;902837643024539651;1754145230985842907;medcom_id;https://twitter.com/medcom_id/status/1754145230985842907
Sun Feb 04 14:09:48 +0000 2024;1754145230860026033;"Pak anies bilang cat calling. MENYALA ABANGKUHHHHHâ¤ï¸â€ğŸ”¥â¤ï¸â€ğŸ”¥â¤ï¸â€ğŸ”¥";0;0;0;0;in;1245622789253419009;1754145230860026033;tedyhermwn;https://twitter.com/tedyhermwn/status/1754145230860026033
Sun Feb 04 14:09:48 +0000 2024;1754145230784495941;"pak anies tuh selalu menampung semua pertanyaan yang ada di desak anies anjir terharu. dibahas semua di debat capres ce";0;0;0;0;in;81029918;1754145230784495941;aizahputri;https://twitter.com/aizahputri/status/1754145230784495941
Sun Feb 04 14:09:48 +0000 2024;1754145230763516108;"So true Anies. Thank you. Kenapa jawaban yg sebrang malah ngaco... pertanyaannya perlindungan dan pemberdayaan kenapa malah melimpir ke mana-mana seperti pendidikan dan karir? Two completely different situation";0;0;0;0;in;1305014699973509123;1754127777895493853;tiramisucart;https://twitter.com/tiramisucart/status/1754145230763516108
Sun Feb 04 14:09:47 +0000 2024;1754145229677154371;"@idextratime ğŸ”¥ğŸ”¥ğŸ”¥ğŸ”¥ğŸ”¥ğŸ”¥ğŸ”¥ğŸ”¥ delapan api menyala Anies presiden ke 8";0;0;0;0;in;1023103096061288448;1754143368953966652;prestaekuceng;https://twitter.com/prestaekuceng/status/1754145229677154371
Sun Feb 04 14:09:47 +0000 2024;1754145228452503552;"Interpretasi: "Korban kekerasan seksual solusinya dikasih makanan bergizi" ~Omon, 2024  #AniesFinalStage ABAH ANIES ROCKS DEBAT CAPRES ğŸ¦‰ğŸ";0;0;0;0;in;1460196630313852930;1754145228452503552;upilistic;https://twitter.com/upilistic/status/1754145228452503552
Sun Feb 04 14:09:47 +0000 2024;1754145228368548220;"ngeliat pak anies mention soal perempuan gue jadi terharu dan he's right kalo persoalan tentang perempuan ini salah satu masalah paling penting di indonesia";0;0;0;0;in;1304724914729938949;1754145228368548220;libraevv;https://twitter.com/libraevv/status/1754145228368548220
Sun Feb 04 14:09:47 +0000 2024;1754145227659681874;"pak anies nanya soal peranan perempuan pak prabs jawabnya "gizi untuk wanita hamil" pak anies : "mohon maaf pak bapak belum menjawab pertanyaan kami" ğŸ˜­ğŸ˜­ğŸ˜­ğŸ™ pak anies sabar bgt";0;0;0;0;in;1597482496488517633;1754145227659681874;swtzerlandz;https://twitter.com/swtzerlandz/status/1754145227659681874
Sun Feb 04 14:09:47 +0000 2024;1754145226313343207;"Anies : Saya setuju Pak PrabowoğŸ˜  #WaktunyaPrabowoGibran  #AkhirnyaPilihPrabowo #GemoySamsul https://t.co/qIfjpTflyQ";0;0;0;0;in;1684402660747902976;1754145226313343207;Obrin_Sitorus_;https://twitter.com/Obrin_Sitorus_/status/1754145226313343207
Sun Feb 04 14:09:46 +0000 2024;1754145223654187477;"PAK ANIES NGEBAHAS CAT CALLING PEREMPUAN ğŸ¥¹ğŸ¥¹ğŸ¥¹ğŸ¥¹ğŸ¥¹";0;0;0;0;in;761909401368170496;1754145223654187477;tojitoru;https://twitter.com/tojitoru/status/1754145223654187477
Sun Feb 04 14:09:46 +0000 2024;1754145223612248302;"CINTA BANGET SAMA ABAH YAA ALLAH.. semua yg kita butuhkan Abah sebut    ABAH ANIES ROCKS DEBAT CAPRES  #AForEvery1  #AniesFinalStage #debatcapres2024";0;0;0;3;in;1305799121509384192;1754145223612248302;augstyp;https://twitter.com/augstyp/status/1754145223612248302
Sun Feb 04 14:09:46 +0000 2024;1754145223402504322;"PAK ANIES MEMBAWA TOPIK PEREMPUAN ğŸ˜ğŸ˜ğŸ˜ğŸ˜ğŸ˜ğŸ˜ğŸ˜ğŸ˜ğŸ˜ğŸ˜ğŸ˜ğŸ˜ğŸ˜ğŸ˜ğŸ˜ğŸ˜ğŸ˜ğŸ˜ğŸ˜";0;0;0;0;in;1080294535010238464;1754145223402504322;oblivimora;https://twitter.com/oblivimora/status/1754145223402504322
Sun Feb 04 14:09:46 +0000 2024;1754145223301869929;"Anies : Terkait persoalan perempuan, jelaskan apa yang kurang dalam pemberdayaan dan perlindungan perempuan skrg dan bagaimana mengubahnya";0;1;0;0;in;1364941440816582657;1754145223301869929;itadgri;https://twitter.com/itadgri/status/1754145223301869929
Sun Feb 04 14:09:46 +0000 2024;1754145222907580611;"YA ALLAH PAK ANIES MASHAALLAH";0;0;0;0;in;1531301279070244864;1754145222907580611;kodokteranumum;https://twitter.com/kodokteranumum/status/1754145222907580611
Sun Feb 04 14:09:46 +0000 2024;1754145222534324303;"12. Anies Baswedan adalah pemimpin yang percaya pada kolaborasi dan dialog yang konstruktif untuk mencapai perubahan yang berkelanjutan. AniesPresiden PKSPartaiku #CoblosPKSAniesPresiden @PKSejahtera @FPKSDPRRI";0;0;0;0;in;236248226;1754145222534324303;FeriWahyudi81;https://twitter.com/FeriWahyudi81/status/1754145222534324303
Sun Feb 04 14:09:46 +0000 2024;1754145222496546836;"tindak tegas pelaku sex violence! setuju p anies";0;0;0;0;in;1538424742721765377;1754145222496546836;sanelyliving;https://twitter.com/sanelyliving/status/1754145222496546836
Sun Feb 04 14:09:46 +0000 2024;1754145222060380651;""PEREMPUAN HARUS PUNYA UPAH YANG SETARA DENGAN LAKI-LAKI"  - ma man Anies BasdewanğŸ’¥ğŸ”¥âš¡ï¸ğŸŒ¾";0;0;0;0;in;1226678419;1754145222060380651;juarasatumulu;https://twitter.com/juarasatumulu/status/1754145222060380651
Sun Feb 04 14:09:45 +0000 2024;1754145220017701281;"GRHHHH pak anies pas bilang data trs ditambahi 'itu angka yang dilaporkan' tau bgt kalo data yg didapet itu sebenernya gak akurat2 amat";0;0;0;0;in;1425357931315224578;1754145220017701281;nezhaliberal;https://twitter.com/nezhaliberal/status/1754145220017701281
Sun Feb 04 14:09:45 +0000 2024;1754145219812229299;"anjir i love pa anies banget bangetbğŸ˜ğŸ«¶ğŸ«¶ğŸ«¶";0;0;0;0;in;1418425215730651138;1754145219812229299;verbatimnh;https://twitter.com/verbatimnh/status/1754145219812229299
Sun Feb 04 14:09:45 +0000 2024;1754145219464057111;"@idextratime Ga kuat ti ngeliat ini pas anies disuruh nanya ke prabowo, malah nyengir2 wkakwkaka https://t.co/9DYWWS2D8p";0;0;0;0;in;2653090872;1754144806023176340;Creaminallll;https://twitter.com/Creaminallll/status/1754145219464057111
Sun Feb 04 14:09:45 +0000 2024;1754145219313103122;"Program Anies dan PKS mencakup pemberdayaan orang tua sebagai mitra dalam pendidikan anak, membangun kemitraan yang kuat. #CoblosPKSAniesPresiden AniesPresiden PKSPartaiku";0;0;0;0;in;1626104883286876160;1754145219313103122;setiaa_pratiwi;https://twitter.com/setiaa_pratiwi/status/1754145219313103122
Sun Feb 04 14:09:44 +0000 2024;1754145216964313474;"please ya allah sayang banget ini kalo pak anies ga jadi presiden  sejauh ini cuma dia yang mention tentang pemberdayaan perempuan &amp  perlindungan perempuan dari kekerasan seksual  HUWAAAAAAAAAA";0;0;0;1;in;2834970954;1754145216964313474;datbitj;https://twitter.com/datbitj/status/1754145216964313474
Sun Feb 04 14:09:44 +0000 2024;1754145216410583065;"Wah keren nih pak anies ğŸ”¥ğŸ”¥ğŸ”¥ğŸ”¥ Kelas abangkuğŸ”¥ğŸ”¥ğŸ”¥ğŸ”¥";0;0;0;0;in;1364975564449148929;1754145216410583065;jaydenjungs;https://twitter.com/jaydenjungs/status/1754145216410583065
Sun Feb 04 14:09:44 +0000 2024;1754145215668170972;"mantep jg pak anies bahas kekerasan pada perempuan";0;0;0;0;in;1308323743198924801;1754145215668170972;hjlvix;https://twitter.com/hjlvix/status/1754145215668170972
Sun Feb 04 14:09:44 +0000 2024;1754145215584293293;"Pertanyaan pak Anies kepada pak Prabowo ..diman kurangnya keberlanjutan utk  perempuan ..kog malah kemana jawabnya";0;0;0;0;in;1603543715100131328;1754145215584293293;soni_akun_kedua;https://twitter.com/soni_akun_kedua/status/1754145215584293293
Sun Feb 04 14:09:44 +0000 2024;1754145214791565388;"lahh anies kan nanya tugas anda memahami pertanyaanğŸ˜­";0;0;0;0;in;1533330591063494656;1754145214791565388;avebeendreaming;https://twitter.com/avebeendreaming/status/1754145214791565388
Sun Feb 04 14:09:44 +0000 2024;1754145213604655272;"pak anies ngerti catcalling";0;0;0;0;in;982767186434342913;1754145213604655272;jellyniniie_;https://twitter.com/jellyniniie_/status/1754145213604655272
Sun Feb 04 14:09:43 +0000 2024;1754145213281714195;"Kerenn sekali Abah  ABAH ANIES ROCKS DEBAT CAPRES  #AniesFinalStage";0;0;0;0;in;1176741163526606849;1754145213281714195;moonlightsosmol;https://twitter.com/moonlightsosmol/status/1754145213281714195
Sun Feb 04 14:09:43 +0000 2024;1754145213197824353;"Kritik keras pak anies baswedan terhada elit" politik #PerubahanPastiMenang #AMINajaDulu @aniesbaswedan  @cakimiNOW https://t.co/LmsiazLPtZ";0;0;0;1;in;1734233196164976640;1754145213197824353;BaladDpac;https://twitter.com/BaladDpac/status/1754145213197824353
Sun Feb 04 14:09:43 +0000 2024;1754145212908401146;"pa anies mentioning abt kekerasa seksual ğŸ¥¹ğŸ¥¹ğŸ¥¹ğŸ¥¹";0;1;0;0;in;1086987251471441920;1754145212908401146;sotomiedoaibu;https://twitter.com/sotomiedoaibu/status/1754145212908401146
Sun Feb 04 14:09:43 +0000 2024;1754145212082123083;"Perlindungan ke wanita, pemaparan Pak Anies ğŸ”¥ğŸ”¥ğŸ˜­ğŸ˜­ğŸ‘ğŸ»ğŸ‘ğŸ»";0;0;0;0;in;1036962473767620608;1754145212082123083;shintaprama;https://twitter.com/shintaprama/status/1754145212082123083
Sun Feb 04 14:09:43 +0000 2024;1754145211666530682;""Anies Baswedan perlu menonjolkan solusi cerdasnya terhadap tantangan ekonomi global. Inovasi dan keberanian dalam pengambilan keputusan akan menjadi kunci. AniesPresiden PKSPartaiku #CoblosPKSAniesPresiden @pksejahtera @FPKSDPRRI 022"";0;0;0;0;in;1733038347176808448;1754145211666530682;pks_arabsaudi;https://twitter.com/pks_arabsaudi/status/1754145211666530682
Sun Feb 04 14:09:43 +0000 2024;1754145211582967956;"Ok, nice pak anies saya setuju";0;0;0;0;in;1636611314607964160;1754144291822465314;ensibiai;https://twitter.com/ensibiai/status/1754145211582967956
Sun Feb 04 14:09:43 +0000 2024;1754145211335520604;"malah ngomentarin anies bjirr yang ditanya tindakan eluu kocak";0;0;0;0;in;1040071020797812736;1754145211335520604;anotheryounk;https://twitter.com/anotheryounk/status/1754145211335520604
Sun Feb 04 14:09:43 +0000 2024;1754145210920288330;"Pandangan pak Anies Baswedan tentang bansos yg dilontarkan oleh pak Ganjar Pranowo   #debatcapres2024 #aniesFinalstage ABAH ANIES ROCKS DEBAT CAPRES https://t.co/YjcqPcPcIF";0;0;0;1;in;1245239247654621186;1754124319549247706;telegramnow;https://twitter.com/telegramnow/status/1754145210920288330
Sun Feb 04 14:09:43 +0000 2024;1754145210454647059;"Pak Anies:  â€¢ Perempuan harus dimuliakan â€¢ Cat calling dan kekerasan seksual harus ditindak tegas";0;0;0;0;in;1624392821154414593;1754145210454647059;theycallmeprblm;https://twitter.com/theycallmeprblm/status/1754145210454647059
Sun Feb 04 14:09:42 +0000 2024;1754145209146085573;"selalu kagum sama filpsofi Pak Anies";0;0;0;0;in;754898570113798144;1754145209146085573;staresdust;https://twitter.com/staresdust/status/1754145209146085573
Sun Feb 04 14:09:42 +0000 2024;1754145206721822833;"Sangat jelas loh pertanyaan dari pak Anies. Bagaimana tentang perlindungan perempuan?, jawabannya malah kasih makan gratis. El gemoy kayak udah gagal fokus  #debatcapres2024";0;0;0;0;in;1167707254197383168;1754145206721822833;Je_Ry1;https://twitter.com/Je_Ry1/status/1754145206721822833
Sun Feb 04 14:09:42 +0000 2024;1754145205757071826;"@zainul_munas @aniesbaswedan Keren sih pak Anies.. jelas visi misinya";0;0;0;0;in;1384013809472311302;1754133291744284690;Banda1Tapp;https://twitter.com/Banda1Tapp/status/1754145205757071826
Sun Feb 04 14:09:41 +0000 2024;1754145204830151013;"PAK ANIES APA GA MBATIN TERUS YA WKWKKW NANYANYA APA JAWABANYA GIZI TRSSS ğŸ¥¹ğŸ¥¹ #debatcapres2024";0;0;0;1;in;1355181957890461702;1754145204830151013;lullabyji;https://twitter.com/lullabyji/status/1754145204830151013
Sun Feb 04 14:09:41 +0000 2024;1754145204297503105;"Anies : ".... Permasalahan ttg perempuan dan gimana cara mengatasinya" Prabowo : "ya itu..... Makanan gratis"  ğŸ˜­ğŸ˜­ğŸ˜­ #DebatCapres";0;0;0;1;in;1481552966574571526;1754145204297503105;ZeffBridgers;https://twitter.com/ZeffBridgers/status/1754145204297503105
Sun Feb 04 14:09:41 +0000 2024;1754145203370561575;""pak anies kurang tegas soal kekerasan dan perlindungan"  LAH DR AWAL PERTANYAANNYA JUGA SOAL PERLINDUNGAN";0;1;0;2;in;1706953848869511168;1754145203370561575;teerrminatorre;https://twitter.com/teerrminatorre/status/1754145203370561575
Sun Feb 04 14:09:41 +0000 2024;1754145202967871740;"Anies MVP dengan membawa topik perempuan ğŸ”¥ğŸ”¥ğŸ”¥";0;0;0;0;in;38387986;1754134548621996374;investonk;https://twitter.com/investonk/status/1754145202967871740
Sun Feb 04 14:09:41 +0000 2024;1754145202741330307;"â€œSemua bansos dijakarta ditulis pakai apbd jakarta, bukan pakai nama gubernurâ€ - anies baswedan  Btw menko perekonomian denger gak? ğŸ¤£  #DebatCapres #debatcapres2024 https://t.co/dokuiWW3eb";0;0;0;3;in;1549101418547597312;1754145202741330307;windisayaphati;https://twitter.com/windisayaphati/status/1754145202741330307
Sun Feb 04 14:09:41 +0000 2024;1754145202162561208;"aaa suka banget pak anies bawa2 soal perlindungan perempuanâ˜";0;0;0;0;in;1737556728299102208;1754145202162561208;bloomonsummer;https://twitter.com/bloomonsummer/status/1754145202162561208
Sun Feb 04 14:09:41 +0000 2024;1754145201978007853;"menyala Anies membahas sjwğŸ¥µğŸ”¥";0;0;0;0;in;1111127773429415937;1754145201978007853;uniqlocke;https://twitter.com/uniqlocke/status/1754145201978007853
Sun Feb 04 14:09:41 +0000 2024;1754145201839612287;"ganjar anies definisi nggak boleh ngomongin orang di belakang";0;0;0;0;in;1014883112008888322;1754145201839612287;adikkccil;https://twitter.com/adikkccil/status/1754145201839612287
Sun Feb 04 14:09:41 +0000 2024;1754145201290203330;"ANIES SAID â€œPEREMPUAN UPAH SETARA DENGAN LAKI-LAKIâ€";0;0;0;0;in;1186607374594764801;1754145201290203330;hoonwalker;https://twitter.com/hoonwalker/status/1754145201290203330
Sun Feb 04 14:09:41 +0000 2024;1754145201214693638;"Keras Anies Balas Prabowo Soal Disabilitas Bantu Disabilitas Bukan Kegiatan Amal! https://t.co/RbjxD9JGWO";0;0;0;0;in;456426648;1754145201214693638;merdekadotcom;https://twitter.com/merdekadotcom/status/1754145201214693638
Sun Feb 04 14:09:40 +0000 2024;1754145200795226192;"liat tatapan pak anies, bangga bgt liat ayang ganjarğŸ’—ğŸ’—ğŸ’— https://t.co/0ob6VC7qRk";0;0;0;0;in;1193099954027319297;1754144929348227291;mikrokosmoszh;https://twitter.com/mikrokosmoszh/status/1754145200795226192
Sun Feb 04 14:09:40 +0000 2024;1754145199830552618;"Anies : *Bertanya masalah Perlindungan Wanita*  Prabowo : Gizi Makanan!!!!   ğŸ˜­ğŸ˜­ğŸ˜­ğŸ˜­";0;0;0;0;in;38110141;1754145199830552618;iAmAchmad;https://twitter.com/iAmAchmad/status/1754145199830552618
Sun Feb 04 14:09:40 +0000 2024;1754145199738225020;"Jawabannya pak Anies pas pak Prabowo belum ngejawab kok enak bgt ya didenger, dibanding Gibran yang nunduk2 nyari2 jawaban AWOKWOKW beda kelas emang";0;1;0;0;in;2355313238;1754145199738225020;runrunroen;https://twitter.com/runrunroen/status/1754145199738225020
Sun Feb 04 14:09:40 +0000 2024;1754145199054610788;"@idextratime emang udah bukan eranya prabowo. harusnya tuh sekarang era ganjar, anies, ridwan hanif";0;0;0;0;in;810387517874782208;1754145023149654169;daendeIs;https://twitter.com/daendeIs/status/1754145199054610788
Sun Feb 04 14:09:40 +0000 2024;1754145198874165364;"Anies: Negara Jangan Pelit Kalau Bicara Investasi di Bidang Pendidikan #PilahPilih #DebatCapresLip6 https://t.co/PQreb1uF4a";0;0;0;0;in;47596019;1754145198874165364;liputan6dotcom;https://twitter.com/liputan6dotcom/status/1754145198874165364
Sun Feb 04 14:09:40 +0000 2024;1754145198849073238;"kenapa panelis ga kepikiran nanya soal perempuan kaya anies gini anjir";0;0;0;0;in;160837036;1754145198849073238;kasetkusut__;https://twitter.com/kasetkusut__/status/1754145198849073238
Sun Feb 04 14:09:40 +0000 2024;1754145198219866544;"Pertanyaan Soal Bansos dari Pak Ganjar ke Pak Anies dijawab scr straight to the point!  "Bansos ditujukan untuk memberi bantuan, bukan utk si pemberi bantuan"  Analoginya : ngasih bantuan untuk masy yg bener2 butuh, bukan ngasih bantuan untuk didukung. JiakhğŸ˜‹ğŸ‘";0;0;0;0;in;1141557705846353921;1754145198219866544;talkharisma;https://twitter.com/talkharisma/status/1754145198219866544
Sun Feb 04 14:09:40 +0000 2024;1754145197720822141;"Tiba tiba ngebayangin kalo Anies pake cara si Gibran kek kera sakti bilang "saya cari cari kok gaada jawabannya ya pak Prabowo" ğŸ¤£";0;0;0;0;in;1198489223738744833;1754145197720822141;GunGnw_;https://twitter.com/GunGnw_/status/1754145197720822141
Sun Feb 04 14:09:40 +0000 2024;1754145197490119030;"@dayatpiliang Anies kurg tegas th kata pak Prabowo wkkw";0;0;0;0;in;905638635474640897;1754145076014657570;skyscraper0922;https://twitter.com/skyscraper0922/status/1754145197490119030
Sun Feb 04 14:09:40 +0000 2024;1754145197406232872;"Anies dan PKS mendorong peningkatan akses ke pelatihan keterampilan berbasis teknologi, memberikan siswa daya saing di era digital. #CoblosPKSAniesPresiden AniesPresiden PKSPartaiku";0;0;0;0;in;1626104883286876160;1754145197406232872;setiaa_pratiwi;https://twitter.com/setiaa_pratiwi/status/1754145197406232872
Sun Feb 04 14:09:39 +0000 2024;1754145196605055391;"Mimpi manis pak Anies, akankah mimpi jadi kenyataan?";0;0;0;0;in;74426113;1754145196605055391;Sonia_Rebecca;https://twitter.com/Sonia_Rebecca/status/1754145196605055391
Sun Feb 04 14:09:39 +0000 2024;1754145194558267779;"pak anies, ya allah beneran seminim catcalling yang banyak orang Indonesia abai tapi beliau mentioning itu...ğŸ¥¹ #debatcapres2024";0;0;0;3;in;1174299042886627329;1754145194558267779;n0pelaff;https://twitter.com/n0pelaff/status/1754145194558267779
Sun Feb 04 14:09:39 +0000 2024;1754145193622933563;"keren terus abah anies!!!!!ğŸ«µğŸ»ğŸ«µğŸ» #debatcapres2024 #AForEvery1 #AniesFinalStage";0;0;0;1;in;1661776372115841025;1754145193622933563;taehyungcipete;https://twitter.com/taehyungcipete/status/1754145193622933563
Sun Feb 04 14:09:39 +0000 2024;1754145192742150448;"Buset ganjar aniesğŸ˜‚";0;0;0;0;in;719029693496713216;1754145192742150448;fi_ghoz;https://twitter.com/fi_ghoz/status/1754145192742150448
Sun Feb 04 14:09:39 +0000 2024;1754145192725340374;"- Pak @ganjarpranowo : Pak Anies bagemana masalah Bansos.......? - Pak @aniesbaswedan : Sekali lagi..Bansos untuk kepentingan yg diberi, bukan untuk kepentingan yg Memberi  (Pak Jkw matiin tipi)";0;2;1;6;in;55200751;1754145192725340374;WagimanDeep212_;https://twitter.com/WagimanDeep212_/status/1754145192725340374
Sun Feb 04 14:09:39 +0000 2024;1754145192586682830;"@shintaaraa_ Kak ada daycare tuh di mention pak anies ğŸ˜…ğŸ˜…";0;0;0;0;in;460891693;1754144391441293753;Rynfoefour;https://twitter.com/Rynfoefour/status/1754145192586682830
Sun Feb 04 14:09:38 +0000 2024;1754145192041689286;"Anies-Imin ingin meningkatkan kesejahteraan sosial melalui pendekatan multisektor dengan target menurunkan tingkat kemiskinan dari 9,36% (Maret, 2023) menjadi 4,0%-5,0% (2029)  dan kemiskinan ekstrem ~0% (2026).  #PerubahanPastiMenang #AMINajaDulu";0;0;0;0;in;1048228227129331712;1754145192041689286;han3ags;https://twitter.com/han3ags/status/1754145192041689286
Sun Feb 04 14:09:38 +0000 2024;1754145191219638666;"Respek sih sama Anies bisa nahan ga ketawa denger jawaban Prabowo";0;0;0;1;in;848895352316899328;1754145191219638666;deltalpha29;https://twitter.com/deltalpha29/status/1754145191219638666
Sun Feb 04 14:09:38 +0000 2024;1754145190678614316;"Ini betul-betul Pak Anies satu-satunya yang bahas perlindungan PerempuanğŸ¥ºğŸ«¶ğŸ»";0;0;0;0;in;1014876545247301632;1754145190678614316;jeeasmine;https://twitter.com/jeeasmine/status/1754145190678614316
Sun Feb 04 14:09:38 +0000 2024;1754145189940351339;"BISA2NYE BILANG ABAH ANIES KURANG TEGAS DISAAT BAPAK AJA SAMA SEKALI GA MENJAWAB PERTANYAAN ABAH?!?!?ğŸ˜­ğŸ˜­ğŸ˜­ğŸ˜­";0;0;0;0;in;1445005351170940935;1754145189940351339;bbykyungsooluv;https://twitter.com/bbykyungsooluv/status/1754145189940351339
Sun Feb 04 14:09:38 +0000 2024;1754145189369917800;"Abah Anies ngangkat isu ttg perlindungan dan pemberdayaan perempuan, serta kesetaraan gender ğŸ¥¹";0;0;0;0;in;290526864;1754145189369917800;ipoenkpz_;https://twitter.com/ipoenkpz_/status/1754145189369917800
Sun Feb 04 14:09:38 +0000 2024;1754145189223145937;"lanjut pertanyaan Anies ke Prabowo  Saya bertanya terkait dengan persoalan perempuan, bisakah bapak jelaskan apa yang kurang dalam pemberdayaan  dan perlindungan perempuan sekarang dan bagaimana mengubahnya?";0;1;0;1;in;1603956551139569664;1754113917130068100;berita_sulsel19;https://twitter.com/berita_sulsel19/status/1754145189223145937
Sun Feb 04 14:09:38 +0000 2024;1754145188489093276;"Anies kyknya udah betmut bgt gakmau liat prabs lgi ngomong";0;0;0;0;in;1406970041015300111;1754145188489093276;basoyaminasin;https://twitter.com/basoyaminasin/status/1754145188489093276
Sun Feb 04 14:09:38 +0000 2024;1754145188442972653;"Pak ganjar tanya bansos ke pak anies pas pak anies jawab pak ganjar senyum2 karena kayanya pak ganjar tau apa yang akan dibabarkan pak anies ğŸ¤£ğŸ¤£ğŸ¤£ğŸ¤£, bro banget cooy  ğŸ¤œğŸ¼ğŸ¤›ğŸ¼";0;0;0;0;in;216660842;1754145188442972653;oneeputra;https://twitter.com/oneeputra/status/1754145188442972653
Sun Feb 04 14:09:37 +0000 2024;1754145188237517058;"Pak anies bener" ngerti permasalahan perlindungan perempuan dari yg paling basic, cat calling, pelecehan, dkk. Makasih banget ğŸ˜­ğŸ˜­";0;0;0;0;in;3010019856;1754145188237517058;erikfumino;https://twitter.com/erikfumino/status/1754145188237517058
Sun Feb 04 14:09:37 +0000 2024;1754145188182937791;"@margianta Anies memang sekeren ini #AniesFinalStage";0;0;0;1;in;412154672;1754137532219236470;ajo_wawan;https://twitter.com/ajo_wawan/status/1754145188182937791
Sun Feb 04 14:09:37 +0000 2024;1754145187985764687;"kurang tegas apasih ğŸ˜­ gue yg susah berpikir aja langsung nangkep maksud dari pertanyaan pa anies";0;0;0;0;in;2401141428;1754145187985764687;yeoliparkc;https://twitter.com/yeoliparkc/status/1754145187985764687
Sun Feb 04 14:09:37 +0000 2024;1754145187918754046;"anies nahan ketawa banget denger solusi kekerasan terhadap perempuan adalah dengan KASIH MAKAN GRATIS";0;0;0;0;in;1391711146948792320;1754145187918754046;texasalter;https://twitter.com/texasalter/status/1754145187918754046
Sun Feb 04 14:09:37 +0000 2024;1754145187713188241;"PAK ANIES BAHAS CATCALLING N KEKERASAN SEKSUAL YO GUYS WAKE UPPPPP";0;0;0;0;in;765183594012684289;1754145187713188241;renjvnhuang;https://twitter.com/renjvnhuang/status/1754145187713188241
Sun Feb 04 14:09:37 +0000 2024;1754145187256025285;"Harusnya yang jadi pasangan itu anies &amp  ganjar, udah cocok dah mereka";0;0;0;0;in;92244702;1754145187256025285;WynDharma_;https://twitter.com/WynDharma_/status/1754145187256025285
Sun Feb 04 14:09:37 +0000 2024;1754145185993470448;"Cara Anies Bangun Kedaulatan Teknologi RI, Datangkan Pakar hingga Lindungi Hak Intelektual https://t.co/A69qLeq7hy";0;0;0;0;in;1666299675329298433;1754145185993470448;erakinimedia;https://twitter.com/erakinimedia/status/1754145185993470448
Sun Feb 04 14:09:37 +0000 2024;1754145185645420663;"pak anies udah pak jgn ngomongin perempuan saya pgen nangghiiissss pak";0;0;0;0;in;760733958;1754145185645420663;catpurrcinno;https://twitter.com/catpurrcinno/status/1754145185645420663
Sun Feb 04 14:09:37 +0000 2024;1754145184932356133;"aaaaa seneng bgt denger pertanyaan pak anies â¤ï¸â¤ï¸â¤ï¸â¤ï¸";0;0;1;0;in;141862702;1754145184932356133;latekamikaze;https://twitter.com/latekamikaze/status/1754145184932356133
Sun Feb 04 14:09:37 +0000 2024;1754145184923959324;"pak anies ngangkat ttg kekerasan perempuan such catcalling dll.. pak makasi banget ğŸ˜­ğŸ˜­ğŸ˜­ğŸ˜­";0;0;0;0;in;2705789496;1754145184923959324;kemuncung;https://twitter.com/kemuncung/status/1754145184923959324
Sun Feb 04 14:09:37 +0000 2024;1754145184793919872;"Pak Anies giving "bapak tidak menjawab pertanyaan saya" dengan nada yg lebih sopan drpada gibran nyari2 jawaban lawan di kolong meja ğŸ˜‚  #DebatCapres";0;0;1;2;in;955924453329747969;1754145184793919872;ExpeditorRasa;https://twitter.com/ExpeditorRasa/status/1754145184793919872
Sun Feb 04 14:09:37 +0000 2024;1754145184399663387;"Pak aniesğŸ˜­ğŸ¤£ğŸ¤£  Lagian prabowo ngomong ngang ngong muter2";0;0;0;0;in;1077008390713307137;1754145184399663387;summercruell;https://twitter.com/summercruell/status/1754145184399663387
Sun Feb 04 14:09:36 +0000 2024;1754145183418253406;"ya allah anies aware kalau catcalling hrs diatasi gw bnrn pgn nangis";0;0;1;2;in;1702515092309643264;1754145183418253406;posicuntisme;https://twitter.com/posicuntisme/status/1754145183418253406
Sun Feb 04 14:09:36 +0000 2024;1754145183397196280;"@txtdrbekasi Anies debat nya terbaik #AniesfinalStage";0;0;0;0;in;1126802021476999169;1754134441155612821;jatmiko87355312;https://twitter.com/jatmiko87355312/status/1754145183397196280
Sun Feb 04 14:09:36 +0000 2024;1754145182768095517;"Point pak anies ini bagus bangettt";0;0;0;0;in;1173485985977389056;1754145182768095517;bietles_;https://twitter.com/bietles_/status/1754145182768095517
Sun Feb 04 14:09:36 +0000 2024;1754145182365397102;"Damn Pak anies mentioned abt kekerasan seksual mulai dari catcalling and kesejahteraan upah ğŸ¥ºğŸ¥º";0;0;0;0;in;1634828910;1754145182365397102;blebiuokami;https://twitter.com/blebiuokami/status/1754145182365397102
Sun Feb 04 14:09:36 +0000 2024;1754145181585285500;"Prabowo Sepakat Solusi Anies terkait Pendidikan: Bagus, Relevan, Maklum Beliau Mantan Menteri Pendidikan https://t.co/R5pGdisrsE";0;0;0;0;in;1666299675329298433;1754145181585285500;erakinimedia;https://twitter.com/erakinimedia/status/1754145181585285500
Sun Feb 04 14:09:36 +0000 2024;1754145181098704989;"PAK ANIES NGOMONGIN CAT CALLING KE WANITA â¤ï¸";2;3;23;90;in;56391072;1754145181098704989;imanlagi;https://twitter.com/imanlagi/status/1754145181098704989
Sun Feb 04 14:09:36 +0000 2024;1754145180532535349;"Perlindungan : jumlah kekerasan tinggi Kesetaraan : membangun day care Kesejahteraan : perempuan mempunyai pendapatan yg setara dengan laki-laki - Pak Anies";0;0;0;0;in;554164396;1754144214596907231;nayaswoo;https://twitter.com/nayaswoo/status/1754145180532535349
Sun Feb 04 14:09:35 +0000 2024;1754145179668521025;"tenang gua akhirnya pak anies";0;0;0;0;in;1406514391843885058;1754145179668521025;anniesimpz;https://twitter.com/anniesimpz/status/1754145179668521025
Sun Feb 04 14:09:35 +0000 2024;1754145179597144094;"Pertanyaan BanSOS Ganjar Ke Anies.. kok serasa Mantul ke tempat WAKANDA yah ğŸ˜‚  #TimeToChange #AForEvery1 #AniesFinalStage";0;0;0;1;in;1676799013654499329;1754145179597144094;arnn7c73850;https://twitter.com/arnn7c73850/status/1754145179597144094
Sun Feb 04 14:09:35 +0000 2024;1754145179542622461;"kekerasan terhadap perempuan, cat calling, day care, kesetaraan, upah setara untuk perempuan  Pak Anies. Im cryingğŸ˜­";0;1;0;0;in;1359406868653740032;1754145179542622461;selpiaap;https://twitter.com/selpiaap/status/1754145179542622461
Sun Feb 04 14:09:35 +0000 2024;1754145179173609720;"Ya Allah Pak Anies makasih banget udha bahas ampe cat calling segala ğŸ˜­ğŸ˜­ğŸ˜­";0;0;0;0;in;143298529;1754145179173609720;kazuhayam;https://twitter.com/kazuhayam/status/1754145179173609720
Sun Feb 04 14:09:35 +0000 2024;1754145179039416375;"@JustUrClown__ nah kan yaa itu poin pak anies tadi bilang bansos harus diselektif penerimanya dan harus didata biar ga salah sasaran";0;0;0;0;in;1465623440283430916;1754144457006690610;nezujiroo;https://twitter.com/nezujiroo/status/1754145179039416375
Sun Feb 04 14:09:35 +0000 2024;1754145178993279035;"PAK ANIES ğŸ˜­ğŸ˜­ğŸ˜­ğŸ˜­ğŸ˜­ mkasih";0;1;0;1;in;1408045370081374211;1754145178993279035;hujanpukultiga;https://twitter.com/hujanpukultiga/status/1754145178993279035
Sun Feb 04 14:09:35 +0000 2024;1754145177600696786;"PAK PRABOWO GABISA JAWAB PAK ANIES JAWAB PERTANYAANNYA SENDIRI ğŸ˜­ğŸ˜­ğŸ˜­#DebatCapresTerakhir";0;0;0;4;in;1177588738068606977;1754145177600696786;mediterariaa_;https://twitter.com/mediterariaa_/status/1754145177600696786
Sun Feb 04 14:09:35 +0000 2024;1754145177529458952;"Debat Capres Kelima: Ganjar Pranowo Janji 1 Desa 1 Faskes 1 Nakes https://t.co/wraYUOPo6r  Ganjar Pranowo ABAH ANIES";0;0;0;0;in;1733547943993716736;1754145177529458952;CepOtong;https://twitter.com/CepOtong/status/1754145177529458952
Sun Feb 04 14:09:35 +0000 2024;1754145177416175969;"Anies â€œ perempuan harus dimuliakan, di lindungi tidak boleh adanya kekerasan â€  Anjir kali ini ai setuju bgt soalnya aku sering disakiti, diselingkuhi paaakkkğŸ¥¹ğŸ˜­ğŸ˜­ğŸ˜­ğŸ˜Œ";0;0;0;0;in;1542064991360020482;1754145177416175969;inianggiikk;https://twitter.com/inianggiikk/status/1754145177416175969
Sun Feb 04 14:09:35 +0000 2024;1754145177164476694;"Pemerintahan Anies dan PKS mendukung penerapan kurikulum berbasis kompetensi, mempersiapkan siswa dengan keterampilan yang dibutuhkan industri. #CoblosPKSAniesPresiden AniesPresiden PKSPartaiku";0;0;0;0;in;1626104883286876160;1754145177164476694;setiaa_pratiwi;https://twitter.com/setiaa_pratiwi/status/1754145177164476694
Sun Feb 04 14:09:34 +0000 2024;1754145174689808695;"yoooo anies bringing up kekerasan terhadap perempuan ğŸ”¥ğŸ”¥ğŸ”¥";0;0;0;0;in;1050999041314574336;1754145174689808695;milimillenary;https://twitter.com/milimillenary/status/1754145174689808695
Sun Feb 04 14:09:34 +0000 2024;1754145173771338029;"Nangis banget pak anies bahas tentang perempuan #debatcapres2024";0;0;0;1;in;1602373408703905792;1754145173771338029;nanalasun;https://twitter.com/nanalasun/status/1754145173771338029
Sun Feb 04 14:09:34 +0000 2024;1754145173343461590;"ANIES YANG DISALAHIN PADAHAL DIA YANG BLUNDER.";0;0;0;0;in;773751013828354048;1754145173343461590;HuddySeason;https://twitter.com/HuddySeason/status/1754145173343461590
Sun Feb 04 14:09:34 +0000 2024;1754145173062455622;"Wow statement pak anies bagus banget tentang perempuan";0;0;0;0;in;1071761417005461504;1754145173062455622;markicabz;https://twitter.com/markicabz/status/1754145173062455622
Sun Feb 04 14:09:34 +0000 2024;1754145172471050381;"OMG ANIES BICARA SOAL KESETARAAN KINDA HAWT";0;0;0;0;in;1452889602415493121;1754145172471050381;haenelnator;https://twitter.com/haenelnator/status/1754145172471050381
Sun Feb 04 14:09:33 +0000 2024;1754145170319426034;"SUMPAH SUKA BANGET SAMA TEMA YANG DIANGKAT PAK ANIES TENTANG PEREMPUAN";0;0;0;0;in;1156029647085133824;1754145170319426034;aquaricus;https://twitter.com/aquaricus/status/1754145170319426034
Sun Feb 04 14:09:33 +0000 2024;1754145169769971841;"itumah gak menjawab pertanyaan dong pak  ABAH ANIES ROCKS DEBAT CAPRES #AniesFinalStage #AForEvery1";0;0;0;2;in;1157530535226294274;1754145169769971841;ivegeeul;https://twitter.com/ivegeeul/status/1754145169769971841
Sun Feb 04 14:09:33 +0000 2024;1754145169509916767;"PAK ANIES MAU NANGIS SUARA GUE DI WAKILIN. YA ALLAH.";0;0;0;0;in;1523587088574447617;1754145169509916767;affettoin;https://twitter.com/affettoin/status/1754145169509916767
Sun Feb 04 14:09:32 +0000 2024;1754145166682968136;"Menyala abahku ğŸ”¥ğŸ”¥  Jawaban pak Anies soal bansos yang ditanyakan pak Ganjar  #DebatCapres #AForEvery1 #AniesFinalStage https://t.co/OAgvilmnwc";0;1;13;30;in;1334853481019056128;1754145166682968136;Mdy_Asmara1701;https://twitter.com/Mdy_Asmara1701/status/1754145166682968136
Sun Feb 04 14:09:32 +0000 2024;1754145166255132851;"â€œTadi Pak Anies kurang tegas..â€ eh elu aje yang lagi nyanyi Houdini - Dua Lipa dalem otak lu, Pak Prabz.";0;0;0;0;in;1644607110402162688;1754145166255132851;yellowandskies;https://twitter.com/yellowandskies/status/1754145166255132851
Sun Feb 04 14:09:32 +0000 2024;1754145166183837787;"Anies mention tentang catcalling terhadap perempuan â¤ï¸â€ğŸ”¥ğŸ˜­ #debatcapres2024";0;0;0;6;in;1322245513236803584;1754145166183837787;4mourdemavie;https://twitter.com/4mourdemavie/status/1754145166183837787
Sun Feb 04 14:09:32 +0000 2024;1754145165256855797;"Pak anies kurang tegass";0;1;0;0;in;876380000047349760;1754145165256855797;notears_again;https://twitter.com/notears_again/status/1754145165256855797
Sun Feb 04 14:09:31 +0000 2024;1754145163117756765;"jir anies KEREN BGT LU AH.. bahas catcalling.. YAALLAHHHHHHH semoga lu menang";0;0;0;0;in;1652926160312098817;1754145163117756765;___214606;https://twitter.com/___214606/status/1754145163117756765
Sun Feb 04 14:09:31 +0000 2024;1754145162501218630;"Mantab pak Anies. Saya suka kalau sudah bawa data. Mention catcalling jugağŸ˜­ğŸ˜­ğŸ˜­ Bahas daycare dan upah setara dengan lelaki. AAAAAAK  #debatcapres2024";0;0;0;3;in;1133896994424934401;1754145162501218630;lunaraeny;https://twitter.com/lunaraeny/status/1754145162501218630
Sun Feb 04 14:09:31 +0000 2024;1754145161091944951;"Pak Anies sama Pak Ganjar berasa bestie banget debatnya. ğŸ¤£ğŸ¤£ğŸ¤£";0;0;0;0;in;2922038484;1754145161091944951;glamotur;https://twitter.com/glamotur/status/1754145161091944951
Sun Feb 04 14:09:31 +0000 2024;1754145160769004007;"pak anies kan bilang kalo perempuan itu penting nah mama gue nyeplos ke ayah gue "tu yah, perempuan itu penting, kamu laki-laki tidak penting"  SUMPA GUE NGAKAK BEUTTTT";0;0;1;0;in;1655930471799488513;1754145160769004007;sweethursday_;https://twitter.com/sweethursday_/status/1754145160769004007
Sun Feb 04 14:09:31 +0000 2024;1754145160211124370;"Tapi kali ini cakep juga nih pak Anies.ğŸ‘ŒğŸ»";0;0;0;0;in;359177627;1754145160211124370;tuanwidi;https://twitter.com/tuanwidi/status/1754145160211124370
Sun Feb 04 14:09:31 +0000 2024;1754145159334506813;"hats off buat pak anies, yang ngangkat isu perlindungan dan pemberdayaan perempuan ğŸ«¡ğŸ«¡ğŸ«¡";0;0;0;0;in;1117963100253069312;1754145159334506813;mracl12;https://twitter.com/mracl12/status/1754145159334506813
Sun Feb 04 14:09:30 +0000 2024;1754145158516642159;"HELEH PAK U AJA YANG GAK NYAMBUNG PERTANYAANNYA MAS ANIES ğŸ˜­ğŸ˜­ğŸ˜­ğŸ˜­";0;0;0;0;in;178283970;1754145158516642159;devmigod;https://twitter.com/devmigod/status/1754145158516642159
Sun Feb 04 14:09:30 +0000 2024;1754145158294335530;"padahal i itu kan anies";0;0;0;0;in;1464515578010509312;1754145110328332307;wwaddadda;https://twitter.com/wwaddadda/status/1754145158294335530
Sun Feb 04 14:09:30 +0000 2024;1754145156213944600;"Pertanyaan pak Anies: bagaimana cara mengatasi masalah wanita yang "dilecehkan"?  Jawaban pak Prabowo: ini privilege yang akan diberikan.";0;0;0;0;in;1597241093728321536;1754145156213944600;AkasyahArchie;https://twitter.com/AkasyahArchie/status/1754145156213944600
Sun Feb 04 14:09:30 +0000 2024;1754145155765125409;"Apakah Anies didukung feminis?";0;0;0;0;in;1162698736574709760;1754145155765125409;teruspilek;https://twitter.com/teruspilek/status/1754145155765125409
Sun Feb 04 14:09:29 +0000 2024;1754145153408016572;"Pak anies bahas catcalling akan ditindak tegas wow gw setuju timpuk aja pak jamet2 yang suka catcalling";0;0;0;0;in;1311188363106381825;1754145153408016572;badgalgezy;https://twitter.com/badgalgezy/status/1754145153408016572
Sun Feb 04 14:09:29 +0000 2024;1754145152296489120;"Pendukung 02 Kepanasan, sama Postingan Ini... Hahahah, Siap" Nangis Bareng Ya...   Ganjar-Mahfud Ganjar Pranowo ABAH ANIES ROCKS DEBAT CAPRES #GengPastiPasti #03pasTIGAnjar Teddy #AniesFinalStage https://t.co/y3udNIPEV6";0;1;1;1;in;1673606773432000512;1754145152296489120;nurilham46251;https://twitter.com/nurilham46251/status/1754145152296489120
Sun Feb 04 14:09:29 +0000 2024;1754145152132857922;"Anies-Muhaimin akan menerapkan kebijakan proaktif dalam meningkatkan kesejahteraan anak-anak, dengan fokus pada pendidikan dan perlindungan. #CoblosPKSAniesPresiden  AniesPresiden PKSPartaiku";0;0;0;0;in;765701560219205632;1754118257865351215;mamakbangsa;https://twitter.com/mamakbangsa/status/1754145152132857922
Sun Feb 04 14:09:28 +0000 2024;1754145150312521904;"Yang disampaikan itu selalu jelas baik informasi dan datanya ğŸ‘  ABAH ANIES ROCKS DEBAT CAPRES #AForEvery1 #AniesFinalStage";0;0;0;0;in;1139224974944641024;1754145150312521904;chillzennie;https://twitter.com/chillzennie/status/1754145150312521904
Sun Feb 04 14:09:28 +0000 2024;1754145150035722555;"PAK ANIES BENER! CATCALLING! KEKERASAN FISIK! BUKAN MENINGGAL SAAT MELAHIRKAN!";0;0;0;2;in;1637392847778488320;1754145150035722555;10N1Z;https://twitter.com/10N1Z/status/1754145150035722555
Sun Feb 04 14:09:28 +0000 2024;1754145149507002557;""PKS sebagai partai yang konsisten dengan prinsip-prinsip moral dan etika, dapat memberikan kekuatan moral pada pemerintahan Anies. AniesPresiden PKSPartaiku #CoblosPKSAniesPresiden @pksejahtera @FPKSDPRRI 021"";0;0;0;0;in;1733038347176808448;1754145149507002557;pks_arabsaudi;https://twitter.com/pks_arabsaudi/status/1754145149507002557
Sun Feb 04 14:09:28 +0000 2024;1754145148790071608;"Cat calling ğŸ˜­ğŸ˜­ğŸ˜­ğŸ˜­ğŸ˜­ makasih pak anies ga sepele";0;0;0;0;in;850677301;1754145148790071608;ae1spa;https://twitter.com/ae1spa/status/1754145148790071608
Sun Feb 04 14:09:28 +0000 2024;1754145147816906791;"Perempuan harus dimuliakan, dilindungi.. - Pak Anies   â˜¹ï¸â˜¹ï¸â˜¹ï¸ğŸ¥ºğŸ¥ºğŸ¥ºğŸ¥º";0;0;0;0;in;1667029501342265347;1754145147816906791;uploadbydv;https://twitter.com/uploadbydv/status/1754145147816906791
Sun Feb 04 14:09:28 +0000 2024;1754145147263315972;"gokss pernyataan pak anies terkait perempuan. segala catcalling di-mention";0;0;1;0;in;1409333466039160833;1754145147263315972;longitudinaw;https://twitter.com/longitudinaw/status/1754145147263315972
Sun Feb 04 14:09:28 +0000 2024;1754145147057758522;"benerr catcallingg sih pa, jujur aku ga berasa amann bahkan cuman ke warung atau ke toko doangg, terimakasih pa anies ğŸ’–  @aniesbaswedan";0;0;0;0;in;1664612738369454083;1754145147057758522;udahaann;https://twitter.com/udahaann/status/1754145147057758522
Sun Feb 04 14:09:28 +0000 2024;1754145146868998183;"pak anies td kurang tegas ğŸ˜‚ğŸ˜‚ğŸ˜‚";0;0;0;0;in;1270201161006505985;1754145146868998183;naresiskariot;https://twitter.com/naresiskariot/status/1754145146868998183
Sun Feb 04 14:09:27 +0000 2024;1754145145757503649;"Pak Anies keren bgt jawabannya ğŸ«¶#AniesFinalStage";0;0;0;0;in;2497911727;1754145145757503649;Tehsohee;https://twitter.com/Tehsohee/status/1754145145757503649
Sun Feb 04 14:09:27 +0000 2024;1754145145505935856;"sopan bgt pak anies skrg :(( "mudah2an nanti soal perlindungan bisa dielaborasi lebih lanjut oleh pak prabowo"";0;0;0;0;in;36003512;1754145145505935856;seokjiin;https://twitter.com/seokjiin/status/1754145145505935856
Sun Feb 04 14:09:27 +0000 2024;1754145144927105502;"PAK ANIES KURANG TEGAS MENJELASKAN ğŸ˜­ğŸ˜­ğŸ˜­ğŸ˜­ğŸ˜­ğŸ˜­ğŸ˜­";0;0;0;0;in;1358727380760580096;1754145144927105502;youalaf;https://twitter.com/youalaf/status/1754145144927105502
Sun Feb 04 14:09:27 +0000 2024;1754145144365031468;"Pak anies bahas perlindungan perempuan, ini ibarat ayam betina gw bertelur 2 dalam sehari ğŸ˜ padahal banyak kasus pelecehan Perempuan, tapi hanya kecam dan kecam doang.   misalnya YTSL";0;0;0;1;in;1424573456029347840;1754145144365031468;firman__nurhuda;https://twitter.com/firman__nurhuda/status/1754145144365031468
Sun Feb 04 14:09:27 +0000 2024;1754145144356642820;"Tuh kan ditanya Anies soal perlindungan perempuan malah jawabnya kasih makan ibu hamil ??? ğŸ˜…";0;0;0;0;in;610565718;1754145144356642820;anggatiffany;https://twitter.com/anggatiffany/status/1754145144356642820
Sun Feb 04 14:09:27 +0000 2024;1754145143501058352;"thank you pak anies buat angkat isu perlindungan perempuan ğŸ¥º";0;0;0;0;in;1275076232984457218;1754145143501058352;wfflepost;https://twitter.com/wfflepost/status/1754145143501058352
Sun Feb 04 14:09:27 +0000 2024;1754145143408755160;"@alisyarief Anies sepertinya kalau tidak diserang malah santuy gitu, mungkin pengaruh tema debat juga ğŸ˜„";0;0;0;0;in;1369533748417495049;1754136435933028669;taharudddin;https://twitter.com/taharudddin/status/1754145143408755160
Sun Feb 04 14:09:27 +0000 2024;1754145143261942098;"pak anies bahas catcalling yg biasa perempuan alami.. nangisğŸ¥¹";0;0;0;0;in;4316940743;1754145143261942098;nevertheIless;https://twitter.com/nevertheIless/status/1754145143261942098
Sun Feb 04 14:09:27 +0000 2024;1754145142657941932;"LOH SAYA SEPENDAPAT SAMA ABAH ANIES.";0;0;0;0;in;894155843230236674;1754145142657941932;guililas;https://twitter.com/guililas/status/1754145142657941932
Sun Feb 04 14:09:27 +0000 2024;1754145142481748307;".... anies... bahas cat calling... kekerasa pada perempuan harus lebih diperhatikan... perempuan harus sejahtera :(";0;0;0;1;in;780677136885555200;1754145142481748307;3O631;https://twitter.com/3O631/status/1754145142481748307
Sun Feb 04 14:09:27 +0000 2024;1754145142443999379;""kekerasan pada perempuan tidak boleh disepelekan, termasuk cat calling" ğŸ¥ºğŸ¥ºğŸ¥º anies keren!";0;0;0;1;in;908585568614748161;1754145142443999379;chxmxhc;https://twitter.com/chxmxhc/status/1754145142443999379
Sun Feb 04 14:09:26 +0000 2024;1754145141647118453;"Ya Allah makasi bgt pak anies udh speak up tntang perlindungan perempuan ğŸ¥¹";0;0;0;0;in;1592047483504717824;1754145141647118453;callmeai___;https://twitter.com/callmeai___/status/1754145141647118453
Sun Feb 04 14:09:26 +0000 2024;1754145141525295563;"Anoes dan ganjar adem ayem, adian napitulu masih aja kebakaran jenggot nyinyirin anies, heran gue #debatcapres2024";0;0;0;0;in;567139422;1754145141525295563;moeselinax;https://twitter.com/moeselinax/status/1754145141525295563
Sun Feb 04 14:09:26 +0000 2024;1754145141127057692;"wooooow pak anies nyebutin catcalling jg wow kren";0;0;0;0;in;1451409445934690306;1754145141127057692;irenoic;https://twitter.com/irenoic/status/1754145141127057692
Sun Feb 04 14:09:26 +0000 2024;1754145140867055682;"ihh gua naksir banget sama pak anies karena aware sama masalah perempuanğŸ˜­ğŸ˜­ğŸ’—";0;0;0;0;in;1521897408023568384;1754145140867055682;kiyobukancio;https://twitter.com/kiyobukancio/status/1754145140867055682
Sun Feb 04 14:09:26 +0000 2024;1754145140523045281;"pak ganjar kirim umpan lambung ke Pak Anies , pak lurah yg kena smash";0;0;0;0;in;182809723;1754145140523045281;erwinarnada;https://twitter.com/erwinarnada/status/1754145140523045281
Sun Feb 04 14:09:26 +0000 2024;1754145139394797938;"@dhitahc ğŸ˜Abah Anies = AbahğŸ‡®ğŸ‡© INDONESIAğŸ‡®ğŸ‡©ğŸ˜ğŸ‘ RI 1 InsyaAllah ğŸ™ğŸ˜š";0;0;0;0;in;1221315584664588288;1754120646744068185;GustiR34100598;https://twitter.com/GustiR34100598/status/1754145139394797938
Sun Feb 04 14:09:26 +0000 2024;1754145139243860436;"rekap malam ini: Anies SCORA, Prabowo SCOPE, Ganjar SCORP";0;2;0;0;in;1157829746085863424;1754145139243860436;Afflictionist;https://twitter.com/Afflictionist/status/1754145139243860436
Sun Feb 04 14:09:26 +0000 2024;1754145139138994307;"PAK ANIES AKU PADAMU &lt 333";0;0;0;0;in;1415232975885635584;1754145139138994307;fukutomitsvki;https://twitter.com/fukutomitsvki/status/1754145139138994307
Sun Feb 04 14:09:26 +0000 2024;1754145138857976099;"siapapun presiden yg jadi gue tetap jadi OPOSISI PEMERINTAH. cuma sekarang doang gw setuju sama anies, bukan berarti gue bakal selalu setuju terus klo emang dia kepilih tp kebijakan nya ada yg ga bener nanti ğŸ˜‡";0;0;0;0;in;1141255895331921921;1754145138857976099;lahiyakutus;https://twitter.com/lahiyakutus/status/1754145138857976099
Sun Feb 04 14:09:26 +0000 2024;1754145138845311415;"pak anies bahkan tau piramida kekerasan seksual sampe lapisan paling bawah ğŸ¥¹ğŸ¥¹ğŸ¥¹";0;1;0;0;in;1057649095156723712;1754145138845311415;lifewithanissa;https://twitter.com/lifewithanissa/status/1754145138845311415
Sun Feb 04 14:09:26 +0000 2024;1754145138358792639;"Keren nih Pak Anies, ide daycare pasti disambut banget sama Ibu bekerja #DebatCapres";0;0;0;0;in;108641824;1754145138358792639;RumahMemez;https://twitter.com/RumahMemez/status/1754145138358792639
Sun Feb 04 14:09:25 +0000 2024;1754145137985495200;"Pak Anies bawa isu catcallingğŸ¥ºğŸ«¶ğŸ»";0;0;0;0;in;244331524;1754145137985495200;saturnringlets;https://twitter.com/saturnringlets/status/1754145137985495200
Sun Feb 04 14:09:25 +0000 2024;1754145137922576389;"Anies Baswedan, ngerusakin aja kerjaan jutaan orang dengan ide-idemu. #JutaanPengangguranKrn01 #DebatCapres #DebatCapres2024 https://t.co/M6CWaYANMO https://t.co/tzdmVln6Wv";0;0;0;0;in;1729739217046020097;1754145137922576389;CidHolley3006;https://twitter.com/CidHolley3006/status/1754145137922576389
Sun Feb 04 14:09:25 +0000 2024;1754145137675141619;"Anies-Ganjar bahas bansos: https://t.co/6LExXR9sLo";0;0;0;0;in;114109519;1754145137675141619;franza__;https://twitter.com/franza__/status/1754145137675141619
Sun Feb 04 14:09:25 +0000 2024;1754145135754170527;"inimah pertanyaan pak anies dijawab sama pak anies juga ğŸ˜­ğŸ˜­ pak prabowo kaga ngejawab samsek begimana dah";0;0;1;0;in;1575278647258546176;1754145135754170527;eazeepeazeey;https://twitter.com/eazeepeazeey/status/1754145135754170527
Sun Feb 04 14:09:25 +0000 2024;1754145135028576512;"suka bgt aku sama pendapatnya anies";0;0;0;0;in;1050327762014064640;1754145135028576512;theothernaufal;https://twitter.com/theothernaufal/status/1754145135028576512
Sun Feb 04 14:09:25 +0000 2024;1754145134126784663;"Anies baik bgt padahal harus aja cecer â€œjadi apa yang kurang dari pemerintah pak wowoooooo jawaaabbbbâ€";0;0;1;2;in;1085256582;1754145134126784663;jujurkonfyus;https://twitter.com/jujurkonfyus/status/1754145134126784663
Sun Feb 04 14:09:24 +0000 2024;1754145133455691984;"anies bringing kekerasan terhadap perempuan (KTP), me: okaaaayyy";0;0;0;0;in;1361538025222627330;1754145133455691984;hurumiharaa;https://twitter.com/hurumiharaa/status/1754145133455691984
Sun Feb 04 14:09:24 +0000 2024;1754145133086543988;"gue sangat berterima kasih sama anies yg bawa isu perempuan ğŸ¥¹";0;0;1;0;in;1324897094277033984;1754145133086543988;soogyuq;https://twitter.com/soogyuq/status/1754145133086543988
Sun Feb 04 14:09:24 +0000 2024;1754145132935557335;"itu tau sendiri pak anies, ngapain nanya";0;0;0;1;in;1423474992801476611;1754145132935557335;marrmoyo;https://twitter.com/marrmoyo/status/1754145132935557335
Sun Feb 04 14:09:24 +0000 2024;1754145130607477228;"Anies: pertanyaan tentang perlindungan belum dielaborasi. Jumlah kekerasan perempuan masih tinggi, kesetaraan: ada daycare, kesejahteraan: upah setara dengan laki-laki  Bagus ini Anies di sini";0;1;0;0;in;765947178267340800;1754145130607477228;JonathanCrispy;https://twitter.com/JonathanCrispy/status/1754145130607477228
Sun Feb 04 14:09:24 +0000 2024;1754145130045718831;"Pak Anies, thankyou sudah memikirkan kami, perempuanğŸ¥ºğŸ™";0;0;0;0;in;880639004718374912;1754145130045718831;jujupiglets;https://twitter.com/jujupiglets/status/1754145130045718831
Sun Feb 04 14:09:23 +0000 2024;1754145129529819358;"Kayanya Pak Prabowo tgl 14 nanti bakal coblos Pak Anies, udah setuju sm perubahan soalnya";0;0;0;0;in;1423265903681048577;1754145129529819358;fluttiershy;https://twitter.com/fluttiershy/status/1754145129529819358
Sun Feb 04 14:09:23 +0000 2024;1754145129387229484;"@idextratime Udah kaya guru SD nerangin arti bansos sebenarnya... Alhamdulillah banget kalau sampe Pak Anies jadi presiden";0;0;0;0;in;1088010242;1754142819919581296;kifli127;https://twitter.com/kifli127/status/1754145129387229484
Sun Feb 04 14:09:23 +0000 2024;1754145129336807558;"plis Pak Anies aware bgt sama masalah perempuan. nangissss ğŸ¥¹ğŸ¥¹ğŸ¥¹";0;0;0;0;in;2380458097;1754145129336807558;monxaegi;https://twitter.com/monxaegi/status/1754145129336807558
Sun Feb 04 14:09:23 +0000 2024;1754145129190072600;"@Chavesz08 Anies debat nya terbaik #AniesfinalStage";0;0;0;0;in;1126802021476999169;1754116044493611405;jatmiko87355312;https://twitter.com/jatmiko87355312/status/1754145129190072600
Sun Feb 04 14:09:23 +0000 2024;1754145127482941814;"Harapan suami saya tadi sore, semoga Pak Anies lebih melunak dibanding di debat sebelumnya";0;0;0;1;in;485385284;1754145127482941814;ronavioleta;https://twitter.com/ronavioleta/status/1754145127482941814
Sun Feb 04 14:09:23 +0000 2024;1754145126404993232;"KANNNNN GAK MENJAWAB WKKWKW DISURUH REMEDIAL SAMA PAK ANIESğŸ˜‚";0;0;0;2;in;1214089600689291264;1754145126404993232;jeongvids;https://twitter.com/jeongvids/status/1754145126404993232
Sun Feb 04 14:09:23 +0000 2024;1754145125654241707;"malah di bantu jawab sm pak anies";0;0;0;0;in;1110887549013090309;1754145125654241707;fafayaapa;https://twitter.com/fafayaapa/status/1754145125654241707
Sun Feb 04 14:09:22 +0000 2024;1754145125389979760;"anies parah banget, masa nanya nya kayak ke anak sma woi wkwkwkwkwkwk";0;0;0;0;in;1152780298418937856;1754145125389979760;sobatmenulis;https://twitter.com/sobatmenulis/status/1754145125389979760
Sun Feb 04 14:09:22 +0000 2024;1754145124966412450;"jaya terus pak aniesğŸ”¥";0;0;0;0;in;1079425083385405440;1754145124966412450;schiilderijen;https://twitter.com/schiilderijen/status/1754145124966412450
Sun Feb 04 14:09:22 +0000 2024;1754145122751799544;"Keren Anies menanyakan apa yg dari 8 topik belum muncul di awal tadi yaitu soal perempuan";0;0;0;0;in;78263777;1754145122751799544;fadhilmukh;https://twitter.com/fadhilmukh/status/1754145122751799544
Sun Feb 04 14:09:22 +0000 2024;1754145122537832920;"Malah dijelasin lagi sm anies wkwkwk... pak aku malu pak liatnyaa";0;0;0;0;in;86689420;1754144418817528037;jipimk;https://twitter.com/jipimk/status/1754145122537832920
Sun Feb 04 14:09:22 +0000 2024;1754145121669672984;"savage nih pak ganjar nanya2 bansos ke pak anies. dia yg nanya, gue yang degdegan";0;0;0;4;in;339512645;1754145121669672984;AbigailCantika;https://twitter.com/AbigailCantika/status/1754145121669672984
Sun Feb 04 14:09:22 +0000 2024;1754145121648722273;"Pertanyaaaan Anies ke Prabowo  Pak Prabowo yang saya hormati. Gagasan yang bapak bawa adalah meneruskan gagasan pemerintah yang sebelumnya &amp  tentu gagasan yang buruk tak dibawa.";0;1;0;0;in;1603956551139569664;1754113917130068100;berita_sulsel19;https://twitter.com/berita_sulsel19/status/1754145121648722273
Sun Feb 04 14:09:21 +0000 2024;1754145121212448771;"lu yg bud*g yg disalahin anies";0;1;0;0;in;1196140470595751936;1754144616725787086;ZaiJidan_;https://twitter.com/ZaiJidan_/status/1754145121212448771
Sun Feb 04 14:09:21 +0000 2024;1754145119937384473;"Anies tampaknya kurang memahami.. penyempurnaan gizi kepada ibu hamil jg merupakan bentuk perlindungan bagi para perempuan!! #WaktunyaPrabowoGibran #02RangkulSemua";0;0;0;1;in;1737825366004346880;1754145119937384473;Johan_budiii;https://twitter.com/Johan_budiii/status/1754145119937384473
Sun Feb 04 14:09:21 +0000 2024;1754145119190794364;"Pak Anies bete, pertanyaan tentang Perempuan ke 02 ga dijawab wkwk pas 02 awal jawab udah keliatan betenyab";0;0;0;0;in;213213024;1754145119190794364;seekaaruu;https://twitter.com/seekaaruu/status/1754145119190794364
Sun Feb 04 14:09:21 +0000 2024;1754145118913982790;"udah bagus pertanyaan pak anies. dijawabnya apa hadeh";0;0;0;0;in;1693074248439652352;1754145118913982790;autumnsserenity;https://twitter.com/autumnsserenity/status/1754145118913982790
Sun Feb 04 14:09:21 +0000 2024;1754145118725296242;"pak anies makasiiii udah ajuin pertanyaan ttg perempuanğŸ¥¹â¤ï¸â€ğŸ”¥";0;0;0;0;in;1187906162110300161;1754145118725296242;zarrabukanjkt48;https://twitter.com/zarrabukanjkt48/status/1754145118725296242
Sun Feb 04 14:09:21 +0000 2024;1754145118410674314;"ANIES MENTIONED KESETARAAN DAN PERLINDUNGAN PEREMPUAN IM CRYING ğŸ˜­ğŸ¤";0;0;0;0;in;135041449;1754145118410674314;allofthestarsxo;https://twitter.com/allofthestarsxo/status/1754145118410674314
Sun Feb 04 14:09:20 +0000 2024;1754145116582027368;"ABAH ANIES NGOMONG TENTANG PERLINDUNGAN PEREMPUAN NANGISSS BGTTT ğŸ¥¹ğŸ¥¹ğŸ¥¹ğŸ¥¹ğŸ¥¹ğŸ¥¹ğŸ¥¹ğŸ¥¹ğŸ¥¹";0;0;0;0;in;1404341469188476932;1754145116582027368;quanxilo;https://twitter.com/quanxilo/status/1754145116582027368
Sun Feb 04 14:09:20 +0000 2024;1754145116133216600;"perubahan kearah yang lebih baik harus dikawal oleh pemimpin yang luar biasa. Anies Baswedan adalah figur yang paling memenuhi kriteria untuk Indonesia yang lebih baik.  #PerubahanPastiMenang #AMINAjaDulu   @aniesbaswedan  @cakimiNOW https://t.co/TfjoZVvZJe";0;0;0;0;in;1734577697018503168;1754145116133216600;BaladDpc;https://twitter.com/BaladDpc/status/1754145116133216600
Sun Feb 04 14:09:20 +0000 2024;1754145115822751756;"ğŸ˜­ğŸ˜­ğŸ˜­ pak anies ngomongin kdrt bahkan sampe sekecil cat calling, oh why he's too be this good.";0;0;1;2;in;1433638372346531847;1754145115822751756;cnsthetic;https://twitter.com/cnsthetic/status/1754145115822751756
Sun Feb 04 14:09:19 +0000 2024;1754145112396005716;"@PartaiSocmed Ini debat med Bkn pidato..gitu aja ga paham loe mah ahhh...tar klo Anies pidato dsbut semua tmasuk Salam Kebajikan yg loe lupa sebut";0;0;0;0;in;820916849650995200;1754127012791460254;Bayouiraone1;https://twitter.com/Bayouiraone1/status/1754145112396005716
Sun Feb 04 14:09:19 +0000 2024;1754145111339065477;"Pak Anies bawa kesetaraan gender.";0;0;0;0;in;862058269631684609;1754145111339065477;shiholoveacc;https://twitter.com/shiholoveacc/status/1754145111339065477
Sun Feb 04 14:09:19 +0000 2024;1754145110567305341;"Anies jangan dikasih contekan dulu nanti dia jawab setuju setuju lagi";0;0;1;0;in;1446058219986571266;1754145110567305341;chocolatyaa;https://twitter.com/chocolatyaa/status/1754145110567305341
Sun Feb 04 14:09:19 +0000 2024;1754145110504427939;"setuju pak anies, dunia ini ga tercipta buat laki-laki doang";0;1;0;0;in;1001784907910168576;1754126599207936501;roowzter;https://twitter.com/roowzter/status/1754145110504427939
Sun Feb 04 14:09:19 +0000 2024;1754145110286270680;"Lunak skl Anies... Bismillah...menteri";0;0;0;0;in;86570123;1754145110286270680;IrfanSofani;https://twitter.com/IrfanSofani/status/1754145110286270680
Sun Feb 04 14:09:19 +0000 2024;1754145109837553843;"PEREMPUAN HARUS DIMULIAKAN DAN HARUS DILINDUNGI - el cheff  ABAH ANIES ROCKS DEBAT CAPRES #AForEvery1 #AniesFinalStage #debatcapres2024";0;0;2;12;in;1105044384582533122;1754145109837553843;simptoji;https://twitter.com/simptoji/status/1754145109837553843
Sun Feb 04 14:09:19 +0000 2024;1754145109573337137;"NAIS  CATCALLERS TERMINAL LANDUNGSARI, DENGERIN PAK ANIES TUH";0;0;0;0;in;1409883258662313999;1754145109573337137;sawrseliyami;https://twitter.com/sawrseliyami/status/1754145109573337137
Sun Feb 04 14:09:19 +0000 2024;1754145109330034767;"thankyou anyway pak anies sudah membahas perlindungan &amp  kesetaraan perempuan";0;0;0;0;in;235493490;1754144664113066238;mooncein;https://twitter.com/mooncein/status/1754145109330034767
Sun Feb 04 14:09:19 +0000 2024;1754145109309010034;"terima kasih pak anies udah nyebut cat calling ğŸ˜­ #AniesRockTheStage";0;0;0;0;in;1373493712756428802;1754145109309010034;go_godel;https://twitter.com/go_godel/status/1754145109309010034
Sun Feb 04 14:09:18 +0000 2024;1754145108151480587;"pak anies makasih banyakkk pendapatnya terkait perempuan!!!!!";0;0;0;0;in;1499047128353898497;1754145108151480587;excitedbanget;https://twitter.com/excitedbanget/status/1754145108151480587
Sun Feb 04 14:09:18 +0000 2024;1754145107794887139;"Seneng banget sama Pak Anies yang bahas perlindungan dan kesejahteraan perempuan ğŸ˜­â¤";0;0;0;0;in;2885816700;1754145107794887139;stjernanight;https://twitter.com/stjernanight/status/1754145107794887139
Sun Feb 04 14:09:18 +0000 2024;1754145106708578788;"bahasan pak anies soal perempuan made meğŸ¥¹ğŸ¥¹ğŸ¥¹ğŸ¥¹ abahhhhh";0;0;0;0;in;524060188;1754145106708578788;polarisarcane;https://twitter.com/polarisarcane/status/1754145106708578788
Sun Feb 04 14:09:18 +0000 2024;1754145106243039263;"AYO CIWI CIWI, ITU PA ANIES UDA BAHAS CATCALLING LOH";0;0;0;0;in;1099548089742897152;1754145106243039263;aefhilv;https://twitter.com/aefhilv/status/1754145106243039263
Sun Feb 04 14:09:18 +0000 2024;1754145106066845920;"@RadioElshinta Sy seorang dosen ilmu komunikasi, dan jurnalis dapat menilai Paslon 1 ketika menyampaikan visi dan misi pak Anies lebih sempurna  sistematis visinya jelas penyampaiannya .";0;0;0;0;in;236026399;1754125232456216924;Eddysyarif;https://twitter.com/Eddysyarif/status/1754145106066845920
Sun Feb 04 14:09:18 +0000 2024;1754145105974567309;"Pak Anies menyinggung ttg hak perempuan ğŸ‘";0;0;0;0;in;1668847108802359297;1754145105974567309;thoughtwrite98;https://twitter.com/thoughtwrite98/status/1754145105974567309
Sun Feb 04 14:09:18 +0000 2024;1754145105689416169;"Ya allah cat calling aja di perhatiin sama pak anies ğŸ˜­ğŸ˜­ğŸ¤";0;0;0;0;in;1106029137888608256;1754145105689416169;blueskievs;https://twitter.com/blueskievs/status/1754145105689416169
Sun Feb 04 14:09:18 +0000 2024;1754145105689321633;"Pdhl pertanyaannya Pak Anies ttg Perempuan udh bgus bgt dan enlightening buat audience tapi yg Jawab malah ngalor ngidul muter2 di gizi mulu";0;1;0;1;in;1234396601336025089;1754145105689321633;schwheetz;https://twitter.com/schwheetz/status/1754145105689321633
Sun Feb 04 14:09:18 +0000 2024;1754145105525780751;"Udh dijelaskan ulang tuh sama pak anies, semoga bisa menjawab  #debatcapres2024";0;0;0;1;in;1725279702750007296;1754145105525780751;fleudelia;https://twitter.com/fleudelia/status/1754145105525780751
Sun Feb 04 14:09:18 +0000 2024;1754145105311846727;"sumpah w respectt bgt sm abah anies yg memuliakan perempuan, dari awal udah ngebahas kekerasan pd perempuanğŸ¥º";0;2;0;0;in;1245631112732274693;1754145105311846727;icedcarameell;https://twitter.com/icedcarameell/status/1754145105311846727
Sun Feb 04 14:09:18 +0000 2024;1754145104670200034;"@andihiyat ganjar anies emang udh kongkalingkong mau nyerang prabowo, tapi dengan cara slowly";0;0;0;0;in;3844041972;1754143487791128894;luvurselfbb;https://twitter.com/luvurselfbb/status/1754145104670200034
